username,first_name,last_name,email,gender,ip_address
rmacey0,Ringo,Macey,rmacey0@twitpic.com,Male,78.45.57.248
kgallally1,Korey,Gallally,kgallally1@sciencedirect.com,Male,35.165.60.14
ltemplman2,Lilas,Templman,ltemplman2@soup.io,Female,60.151.75.8
mscholig3,Marshal,Scholig,mscholig3@google.co.jp,Male,94.25.90.225
ccorona4,Cherida,Corona,ccorona4@dagondesign.com,Female,29.228.36.81
mheitz5,Monica,Heitz,mheitz5@oracle.com,Female,222.221.133.136
lforder6,Lezlie,Forder,lforder6@google.fr,Female,254.177.5.144
ebridell7,Erwin,Bridell,ebridell7@mozilla.com,Male,239.175.212.46
chabard8,Cybill,Habard,chabard8@surveymonkey.com,Female,134.173.43.250
dladd9,Dewitt,Ladd,dladd9@eepurl.com,Male,23.213.94.174
bbrunrotha,Brit,Brunroth,bbrunrotha@usnews.com,Male,212.252.0.60
ecrossfieldb,Etienne,Crossfield,ecrossfieldb@discovery.com,Male,25.209.153.142
bkenderc,Brynna,Kender,bkenderc@histats.com,Female,180.155.169.120
gwhiffend,Guenevere,Whiffen,gwhiffend@t-online.de,Female,85.101.28.139
rbubbeare,Rayner,Bubbear,rbubbeare@alexa.com,Male,25.135.160.40
cgeallef,Cleve,Gealle,cgeallef@omniture.com,Male,15.197.97.253
fweiserg,Frederico,Weiser,fweiserg@seattletimes.com,Male,166.49.162.226
jdennickh,Jobyna,Dennick,jdennickh@freewebs.com,Female,152.196.59.173
lweinei,Lucretia,Weine,lweinei@qq.com,Female,163.221.71.210
pglanvillej,Phyllys,Glanville,pglanvillej@gnu.org,Female,2.163.224.25
kbruk,Karole,Bru,kbruk@mysql.com,Female,244.76.29.255
nstrittonl,Nydia,Stritton,nstrittonl@amazon.co.uk,Female,215.123.64.140
tbarendsm,Tore,Barends,tbarendsm@aboutads.info,Male,215.63.245.145
gpalekn,Gilbert,Palek,gpalekn@usa.gov,Male,102.95.4.85
gherrieso,Gerome,Herries,gherrieso@columbia.edu,Male,188.21.112.26
rcrosep,Rob,Crose,rcrosep@e-recht24.de,Male,4.168.177.114
jacklandq,Jacinda,Ackland,jacklandq@hud.gov,Female,17.64.228.82
acaner,Aland,Cane,acaner@army.mil,Male,247.252.114.52
mshankles,Meaghan,Shankle,mshankles@imgur.com,Female,71.82.87.158
cjonket,Chevy,Jonke,cjonket@dyndns.org,Male,44.136.91.51
gkiddeu,Gerek,Kidde,gkiddeu@com.com,Male,165.169.31.3
nseidev,Nolan,Seide,nseidev@uiuc.edu,Male,150.196.222.103
ffreedw,Fraze,Freed,ffreedw@newyorker.com,Male,205.43.2.102
rmelettix,Rad,Meletti,rmelettix@jimdo.com,Male,72.16.57.227
fmcchruitery,Fritz,McChruiter,fmcchruitery@nhs.uk,Male,117.37.246.31
stwiningz,Sascha,Twining,stwiningz@cbc.ca,Female,193.214.183.250
hpiscopo10,Hazel,Piscopo,hpiscopo10@samsung.com,Male,11.225.207.18
nkundt11,Nessie,Kundt,nkundt11@bandcamp.com,Female,81.36.12.86
hdimont12,Henryetta,Dimont,hdimont12@mac.com,Female,41.164.59.102
lbeavors13,Lew,Beavors,lbeavors13@etsy.com,Male,154.192.18.132
kscotts14,Karel,Scotts,kscotts14@businessinsider.com,Female,15.207.51.214
mglewe15,Merrill,Glewe,mglewe15@addthis.com,Female,40.255.3.214
dsenecaux16,Danit,Senecaux,dsenecaux16@blogs.com,Female,170.26.4.92
kfife17,Kliment,Fife,kfife17@hubpages.com,Male,253.178.158.230
spolamontayne18,Sal,Polamontayne,spolamontayne18@bravesites.com,Male,174.143.49.221
npetett19,Nathan,Petett,npetett19@is.gd,Male,64.2.232.60
jhuyghe1a,Joy,Huyghe,jhuyghe1a@webeden.co.uk,Female,86.78.184.133
jgiovannini1b,Janean,Giovannini,jgiovannini1b@gizmodo.com,Female,64.227.181.0
marnold1c,Max,Arnold,marnold1c@php.net,Male,131.69.254.131
mfleury1d,Melvyn,Fleury,mfleury1d@whitehouse.gov,Male,239.38.14.105
dcaudwell1e,Dodi,Caudwell,dcaudwell1e@toplist.cz,Female,91.108.57.163
lbennison1f,Liv,Bennison,lbennison1f@baidu.com,Female,227.165.191.226
mhenri1g,Margaret,Henri,mhenri1g@washingtonpost.com,Female,94.87.3.4
mczajkowska1h,Markos,Czajkowska,mczajkowska1h@angelfire.com,Male,76.246.153.145
mperot1i,Mitch,Perot,mperot1i@parallels.com,Male,73.250.29.132
dvinden1j,Deane,Vinden,dvinden1j@comsenz.com,Female,51.146.115.9
cflatt1k,Chickie,Flatt,cflatt1k@w3.org,Male,118.236.45.62
fgencke1l,Foss,Gencke,fgencke1l@dmoz.org,Male,241.130.156.2
edeadman1m,Elisa,Deadman,edeadman1m@biglobe.ne.jp,Female,91.61.29.190
gyounglove1n,Gerek,Younglove,gyounglove1n@redcross.org,Male,247.15.202.15
dgrimley1o,Deloris,Grimley,dgrimley1o@umn.edu,Female,222.174.93.107
jsaket1p,Jessi,Saket,jsaket1p@multiply.com,Female,37.18.236.19
rduny1q,Rudiger,Duny,rduny1q@dell.com,Male,109.123.11.73
sbatcock1r,Simmonds,Batcock,sbatcock1r@aol.com,Male,170.222.39.221
cwhatford1s,Clayton,Whatford,cwhatford1s@netlog.com,Male,143.137.141.227
sglavis1t,Sergio,Glavis,sglavis1t@over-blog.com,Male,145.43.79.172
ewhitwam1u,Elspeth,Whitwam,ewhitwam1u@google.ca,Female,45.3.42.75
arenehan1v,Ardelia,Renehan,arenehan1v@hatena.ne.jp,Female,44.228.117.209
adailly1w,Alysa,Dailly,adailly1w@nsw.gov.au,Female,202.65.110.97
kmcrobbie1x,Koralle,McRobbie,kmcrobbie1x@flickr.com,Female,124.210.26.86
sbernardot1y,Sonnie,Bernardot,sbernardot1y@disqus.com,Male,86.93.120.30
ltallant1z,Lulita,Tallant,ltallant1z@hubpages.com,Female,77.159.241.3
nbaverstock20,Nikita,Baverstock,nbaverstock20@baidu.com,Male,220.82.207.75
ageorgescu21,Angelina,Georgescu,ageorgescu21@hubpages.com,Female,188.176.216.30
lpledge22,Luciano,Pledge,lpledge22@businessinsider.com,Male,220.195.191.146
cdeacock23,Cornelius,Deacock,cdeacock23@cam.ac.uk,Male,80.5.1.137
mrobic24,Miguela,Robic,mrobic24@ezinearticles.com,Female,82.240.30.8
achessman25,Ailbert,Chessman,achessman25@blogger.com,Male,126.124.133.207
tsumner26,Tabatha,Sumner,tsumner26@free.fr,Female,53.221.74.20
hdeetlof27,Had,Deetlof,hdeetlof27@hostgator.com,Male,123.255.113.176
challowes28,Clint,Hallowes,challowes28@soundcloud.com,Male,147.86.124.195
ccrockford29,Celie,Crockford,ccrockford29@mlb.com,Female,108.54.140.153
jfitchew2a,Jessy,Fitchew,jfitchew2a@latimes.com,Female,33.103.15.221
cvalentetti2b,Claudia,Valentetti,cvalentetti2b@nbcnews.com,Female,102.7.190.184
rmaren2c,Rosalie,Maren,rmaren2c@typepad.com,Female,161.62.133.62
cbramwich2d,Corrie,Bramwich,cbramwich2d@cbslocal.com,Male,85.14.85.209
rwoofenden2e,Rosalynd,Woofenden,rwoofenden2e@columbia.edu,Female,94.244.37.235
abertenshaw2f,Aldus,Bertenshaw,abertenshaw2f@nhs.uk,Male,111.122.226.157
epidgley2g,Ewen,Pidgley,epidgley2g@taobao.com,Male,23.70.255.201
aolivo2h,Amanda,Olivo,aolivo2h@un.org,Female,151.88.97.144
ldoohey2i,Lanna,Doohey,ldoohey2i@japanpost.jp,Female,27.228.199.242
gbaggelley2j,Gav,Baggelley,gbaggelley2j@photobucket.com,Male,25.6.244.201
gmarxsen2k,Gaston,Marxsen,gmarxsen2k@vinaora.com,Male,142.7.155.206
tdoolan2l,Theressa,Doolan,tdoolan2l@instagram.com,Female,160.202.203.138
achidley2m,Aaron,Chidley,achidley2m@home.pl,Male,215.118.181.95
ngenese2n,Natalya,Genese,ngenese2n@cnbc.com,Female,58.187.86.66
gbrennen2o,Geri,Brennen,gbrennen2o@va.gov,Male,235.31.248.84
efulep2p,Elsie,Fulep,efulep2p@php.net,Female,188.145.193.236
dginner2q,Duffy,Ginner,dginner2q@toplist.cz,Male,135.235.124.181
ltoopin2r,Lilyan,Toopin,ltoopin2r@auda.org.au,Female,64.33.79.164
dteliga2s,Diarmid,Teliga,dteliga2s@nytimes.com,Male,22.127.237.59
colech2t,Constantino,Olech,colech2t@sitemeter.com,Male,246.179.133.193
mlangtree2u,Marcelline,Langtree,mlangtree2u@lycos.com,Female,198.149.54.1
rjapp2v,Ronni,Japp,rjapp2v@boston.com,Female,221.83.246.61
mstrongitharm2w,Maressa,Strongitharm,mstrongitharm2w@weather.com,Female,32.219.138.229
tmcgonnell2x,Tris,McGonnell,tmcgonnell2x@dropbox.com,Male,37.47.88.94
iluard2y,Izaak,Luard,iluard2y@mysql.com,Male,164.202.227.39
clenoury2z,Celestine,Le Noury,clenoury2z@sina.com.cn,Female,97.120.174.231
dfirth30,Donnamarie,Firth,dfirth30@booking.com,Female,255.127.178.199
lmacgillicuddy31,Lanette,MacGillicuddy,lmacgillicuddy31@bloglovin.com,Female,254.168.22.235
mstolting32,Marabel,Stolting,mstolting32@home.pl,Female,154.242.219.141
khunston33,Kerr,Hunston,khunston33@tiny.cc,Male,187.4.81.204
evipan34,Ethelda,Vipan,evipan34@smugmug.com,Female,187.39.88.138
cdeortega35,Carrie,De Ortega,cdeortega35@cornell.edu,Female,121.26.184.45
dattwill36,Dion,Attwill,dattwill36@delicious.com,Male,137.181.127.237
apellamonuten37,Avery,Pellamonuten,apellamonuten37@si.edu,Male,200.42.50.221
cquiddihy38,Constance,Quiddihy,cquiddihy38@godaddy.com,Female,132.62.56.29
ebutlerbowdon39,Eadie,Butler-Bowdon,ebutlerbowdon39@smh.com.au,Female,219.160.154.125
srostern3a,Sky,Rostern,srostern3a@bluehost.com,Male,131.119.75.216
akilmister3b,Abie,Kilmister,akilmister3b@google.ru,Male,135.176.22.84
arubens3c,Alyssa,Rubens,arubens3c@youtube.com,Female,162.35.228.59
bweetch3d,Belva,Weetch,bweetch3d@opera.com,Female,37.159.123.221
aaish3e,Andie,Aish,aaish3e@netvibes.com,Female,237.51.200.194
bblanking3f,Babbette,Blanking,bblanking3f@sogou.com,Female,171.144.125.253
kkingsmill3g,Kiersten,Kingsmill,kkingsmill3g@jiathis.com,Female,15.92.179.36
hgorini3h,Hobie,Gorini,hgorini3h@naver.com,Male,118.46.128.124
drenyard3i,Denys,Renyard,drenyard3i@washington.edu,Female,84.76.28.140
cclinnick3j,Claudia,Clinnick,cclinnick3j@hp.com,Female,8.73.50.23
kmacgettigen3k,Kira,MacGettigen,kmacgettigen3k@free.fr,Female,186.33.83.197
htole3l,Hercule,Tole,htole3l@lycos.com,Male,94.187.152.155
ccartman3m,Costanza,Cartman,ccartman3m@statcounter.com,Female,193.111.49.162
wschimmang3n,Web,Schimmang,wschimmang3n@spiegel.de,Male,116.152.237.221
cwiggington3o,Caryl,Wiggington,cwiggington3o@cornell.edu,Male,189.154.131.131
aandrzej3p,Alair,Andrzej,aandrzej3p@surveymonkey.com,Male,110.17.65.219
lselliman3q,Lynnell,Selliman,lselliman3q@mlb.com,Female,173.198.103.137
mmaven3r,Miranda,Maven,mmaven3r@si.edu,Female,199.103.27.179
kcometson3s,Kitti,Cometson,kcometson3s@opera.com,Female,53.3.63.199
dcubuzzi3t,Dallas,Cubuzzi,dcubuzzi3t@admin.ch,Male,69.76.10.97
mobee3u,Magdalen,Obee,mobee3u@shinystat.com,Female,218.34.145.34
mradbone3v,Merle,Radbone,mradbone3v@sina.com.cn,Male,54.120.127.144
asouthway3w,Alys,Southway,asouthway3w@nps.gov,Female,219.203.89.236
mrowlin3x,Myrvyn,Rowlin,mrowlin3x@clickbank.net,Male,96.222.84.11
nmanning3y,Nari,Manning,nmanning3y@ameblo.jp,Female,218.244.11.254
hjellings3z,Hermon,Jellings,hjellings3z@wiley.com,Male,58.159.135.159
blewington40,Belia,Lewington,blewington40@cafepress.com,Female,241.50.205.94
mmcvittie41,Meredith,McVittie,mmcvittie41@netlog.com,Male,176.68.81.102
aduthy42,Alameda,Duthy,aduthy42@issuu.com,Female,231.213.44.124
mfayre43,Martie,Fayre,mfayre43@bizjournals.com,Male,9.227.34.233
aantosch44,Anetta,Antosch,aantosch44@nhs.uk,Female,229.9.5.7
csyme45,Clovis,Syme,csyme45@facebook.com,Female,48.66.53.162
kdellcasa46,Kaylee,Dell Casa,kdellcasa46@cbslocal.com,Female,108.240.11.115
icumo47,Isobel,Cumo,icumo47@cbslocal.com,Female,125.16.113.158
cjeannenet48,Cordy,Jeannenet,cjeannenet48@tiny.cc,Male,135.62.108.51
dfulstow49,Delia,Fulstow,dfulstow49@nymag.com,Female,197.177.90.129
truddy4a,Thor,Ruddy,truddy4a@ifeng.com,Male,238.174.132.25
cdezamudio4b,Cati,De Zamudio,cdezamudio4b@thetimes.co.uk,Female,5.232.162.122
mmcdonagh4c,Micheal,McDonagh,mmcdonagh4c@yale.edu,Male,6.12.155.178
schallenor4d,Susy,Challenor,schallenor4d@time.com,Female,226.157.134.167
hbuckhurst4e,Hyacinthie,Buckhurst,hbuckhurst4e@aboutads.info,Female,108.242.244.15
dmozzini4f,Dian,Mozzini,dmozzini4f@people.com.cn,Female,70.34.54.133
ekitt4g,Eddy,Kitt,ekitt4g@ycombinator.com,Male,79.154.132.62
cjopling4h,Cordy,Jopling,cjopling4h@dagondesign.com,Female,81.217.161.241
epedrick4i,Estel,Pedrick,epedrick4i@jugem.jp,Female,14.110.37.191
jmager4j,Jacquetta,Mager,jmager4j@latimes.com,Female,88.103.142.138
gpeedell4k,Granville,Peedell,gpeedell4k@prlog.org,Male,59.164.92.39
falbinson4l,Fredelia,Albinson,falbinson4l@japanpost.jp,Female,55.241.247.130
skesterton4m,Simone,Kesterton,skesterton4m@cafepress.com,Male,114.180.90.130
frosenbusch4n,Fredek,Rosenbusch,frosenbusch4n@google.com,Male,57.190.57.225
sgaze4o,Sterling,Gaze,sgaze4o@bing.com,Male,71.223.214.144
btowhey4p,Brewer,Towhey,btowhey4p@unicef.org,Male,232.242.60.36
gbeincken4q,Georgine,Beincken,gbeincken4q@vkontakte.ru,Female,45.171.100.173
drosewarne4r,Dorri,Rosewarne,drosewarne4r@booking.com,Female,91.171.12.200
cclemitt4s,Carroll,Clemitt,cclemitt4s@washington.edu,Male,191.27.144.99
rbertelsen4t,Reider,Bertelsen,rbertelsen4t@mapy.cz,Male,39.110.122.142
ospohr4u,Olvan,Spohr,ospohr4u@bravesites.com,Male,150.181.254.81
agorke4v,Antonella,Gorke,agorke4v@jimdo.com,Female,154.7.170.241
tvial4w,Tammara,Vial,tvial4w@acquirethisname.com,Female,161.66.206.41
dchewter4x,Diannne,Chewter,dchewter4x@oakley.com,Female,97.17.226.30
kpigott4y,Kelby,Pigott,kpigott4y@parallels.com,Male,255.231.41.120
bgarstan4z,Berkley,Garstan,bgarstan4z@google.nl,Male,75.56.252.212
fgermaine50,Fey,Germaine,fgermaine50@imgur.com,Female,242.168.66.113
nhulke51,Nan,Hulke,nhulke51@wsj.com,Female,122.77.113.42
odickon52,Obadias,Dickon,odickon52@ifeng.com,Male,164.41.1.65
ncantor53,Ninetta,Cantor,ncantor53@phpbb.com,Female,159.206.6.55
edoneld54,Ebonee,Doneld,edoneld54@geocities.jp,Female,190.184.46.225
wgajewski55,Wilek,Gajewski,wgajewski55@businessinsider.com,Male,18.200.247.111
ccobbald56,Cairistiona,Cobbald,ccobbald56@slideshare.net,Female,185.71.150.179
mdellcasa57,Melania,Dell Casa,mdellcasa57@europa.eu,Female,154.187.116.215
gsarchwell58,Glenn,Sarchwell,gsarchwell58@yolasite.com,Female,195.169.54.61
pcochran59,Pinchas,Cochran,pcochran59@alibaba.com,Male,212.168.9.214
jfibben5a,Jephthah,Fibben,jfibben5a@google.ru,Male,231.91.107.7
opigden5b,Obadias,Pigden,opigden5b@is.gd,Male,236.69.241.100
rcard5c,Rozina,Card,rcard5c@facebook.com,Female,222.184.244.121
beustanch5d,Berta,Eustanch,beustanch5d@xing.com,Female,252.171.189.36
sdenisovo5e,Shoshanna,Denisovo,sdenisovo5e@harvard.edu,Female,125.92.7.79
mmacrierie5f,Marty,MacRierie,mmacrierie5f@prlog.org,Male,36.58.60.87
pwragge5g,Patten,Wragge,pwragge5g@census.gov,Male,168.243.109.70
hgransden5h,Hunt,Gransden,hgransden5h@who.int,Male,187.156.222.57
bgussin5i,Barrie,Gussin,bgussin5i@angelfire.com,Female,244.29.254.54
raleshintsev5j,Rafe,Aleshintsev,raleshintsev5j@lycos.com,Male,36.108.249.239
qlandrean5k,Quint,Landrean,qlandrean5k@people.com.cn,Male,243.220.11.107
rwillmore5l,Ralph,Willmore,rwillmore5l@wp.com,Male,185.229.223.25
ngranham5m,Nelle,Granham,ngranham5m@unesco.org,Female,125.227.252.92
mcambling5n,Marin,Cambling,mcambling5n@mail.ru,Female,59.101.24.12
sbathersby5o,Sissie,Bathersby,sbathersby5o@ask.com,Female,244.101.50.176
kcamelin5p,Kipp,Camelin,kcamelin5p@elegantthemes.com,Male,137.167.153.76
khaswall5q,Kessia,Haswall,khaswall5q@webeden.co.uk,Female,33.128.31.20
ebenedetti5r,Erick,Benedetti,ebenedetti5r@photobucket.com,Male,167.73.35.246
aclive5s,Abigale,Clive,aclive5s@friendfeed.com,Female,68.130.114.240
tsteggles5t,Tobie,Steggles,tsteggles5t@gizmodo.com,Male,195.3.246.32
clindl5u,Cristine,Lindl,clindl5u@answers.com,Female,241.228.131.130
twipper5v,Tomasina,Wipper,twipper5v@php.net,Female,169.158.222.130
mfilyakov5w,Murry,Filyakov,mfilyakov5w@mtv.com,Male,196.66.138.191
gbutterly5x,Gianina,Butterly,gbutterly5x@usatoday.com,Female,228.56.77.36
awolvey5y,Adelle,Wolvey,awolvey5y@reuters.com,Female,37.62.231.21
ccumberpatch5z,Cole,Cumberpatch,ccumberpatch5z@cafepress.com,Male,18.180.152.85
fdirand60,Fedora,Dirand,fdirand60@webnode.com,Female,235.67.214.57
msidebotham61,Margie,Sidebotham,msidebotham61@whitehouse.gov,Female,63.1.199.97
ffirbanks62,Free,Firbanks,ffirbanks62@mysql.com,Male,92.200.102.159
steodoro63,Sheilah,Teodoro,steodoro63@thetimes.co.uk,Female,149.224.104.250
jupcott64,Joshua,Upcott,jupcott64@icq.com,Male,120.113.204.47
mbogaert65,Marley,Bogaert,mbogaert65@blogs.com,Female,247.169.46.190
htebbut66,Horten,Tebbut,htebbut66@vkontakte.ru,Male,43.76.224.171
apidler67,Avram,Pidler,apidler67@ucsd.edu,Male,65.172.80.81
aaleksankin68,Anthia,Aleksankin,aaleksankin68@ezinearticles.com,Female,25.206.74.32
qnutton69,Quint,Nutton,qnutton69@sitemeter.com,Male,151.171.172.61
iwestover6a,Ignaz,Westover,iwestover6a@scribd.com,Male,245.7.3.224
hmazzilli6b,Hortense,Mazzilli,hmazzilli6b@dell.com,Female,214.13.43.223
rkienle6c,Rooney,Kienle,rkienle6c@surveymonkey.com,Male,6.117.74.130
kbackwell6d,Kirby,Backwell,kbackwell6d@nps.gov,Female,46.209.70.181
tkrzysztofiak6e,Tadio,Krzysztofiak,tkrzysztofiak6e@t-online.de,Male,129.160.210.253
bmusto6f,Brook,Musto,bmusto6f@ibm.com,Male,101.71.184.103
vallchin6g,Valeria,Allchin,vallchin6g@netvibes.com,Female,19.1.247.172
qkausche6h,Quillan,Kausche,qkausche6h@cnet.com,Male,154.205.65.160
asyphas6i,Abe,Syphas,asyphas6i@csmonitor.com,Male,116.253.214.161
kcommuzzo6j,Katherine,Commuzzo,kcommuzzo6j@europa.eu,Female,64.196.254.142
memerton6k,Murvyn,Emerton,memerton6k@technorati.com,Male,145.138.190.238
emichelin6l,Eben,Michelin,emichelin6l@bigcartel.com,Male,1.236.221.40
tespinha6m,Twila,Espinha,tespinha6m@independent.co.uk,Female,69.69.21.223
hiacovaccio6n,Hymie,Iacovaccio,hiacovaccio6n@sourceforge.net,Male,101.202.17.128
hthulborn6o,Hugo,Thulborn,hthulborn6o@istockphoto.com,Male,59.31.83.226
browbottam6p,Bail,Rowbottam,browbottam6p@time.com,Male,148.149.65.54
mmcgregor6q,Madge,McGregor,mmcgregor6q@foxnews.com,Female,226.253.205.60
vskryne6r,Val,Skryne,vskryne6r@wunderground.com,Female,96.90.96.191
hcrackett6s,Hallie,Crackett,hcrackett6s@woothemes.com,Female,183.81.50.74
nsings6t,Nadeen,Sings,nsings6t@zdnet.com,Female,243.159.62.132
gannes6u,Gawain,Annes,gannes6u@weebly.com,Male,78.142.31.128
apocklington6v,Ariana,Pocklington,apocklington6v@cisco.com,Female,184.184.142.170
fvowdon6w,Felix,Vowdon,fvowdon6w@geocities.com,Male,49.225.35.136
hkeppel6x,Harriette,Keppel,hkeppel6x@hatena.ne.jp,Female,148.96.97.18
ukertess6y,Ursa,Kertess,ukertess6y@sohu.com,Female,2.41.20.99
jfrawley6z,Jarid,Frawley,jfrawley6z@arizona.edu,Male,74.68.190.139
ctraves70,Chen,Traves,ctraves70@sun.com,Male,184.32.57.73
spendrid71,Stillmann,Pendrid,spendrid71@cocolog-nifty.com,Male,89.153.96.62
lrenfree72,Logan,Renfree,lrenfree72@wikimedia.org,Male,116.127.239.96
scornilleau73,Sheila-kathryn,Cornilleau,scornilleau73@buzzfeed.com,Female,241.153.86.191
bparton74,Binky,Parton,bparton74@vinaora.com,Male,72.241.137.13
enagle75,Erena,Nagle,enagle75@hao123.com,Female,31.160.70.156
dkillock76,Dewain,Killock,dkillock76@census.gov,Male,234.75.231.240
hmcclifferty77,Heindrick,McClifferty,hmcclifferty77@ezinearticles.com,Male,67.61.73.119
twinckworth78,Trefor,Winckworth,twinckworth78@craigslist.org,Male,213.4.19.67
esynder79,Em,Synder,esynder79@fotki.com,Male,95.84.225.197
ewetton7a,Emile,Wetton,ewetton7a@nymag.com,Male,74.69.71.44
gvanderlinde7b,Gelya,Van der Linde,gvanderlinde7b@nymag.com,Female,23.244.0.132
glammas7c,Granville,Lammas,glammas7c@google.fr,Male,89.56.194.193
gpiche7d,Gail,Piche,gpiche7d@google.ca,Female,117.108.98.173
sjelly7e,Simon,Jelly,sjelly7e@example.com,Male,74.52.104.236
hlarne7f,Hermann,Larne,hlarne7f@hp.com,Male,116.50.230.163
khubane7g,Krishnah,Hubane,khubane7g@prnewswire.com,Male,29.49.158.131
dbuey7h,Dasya,Buey,dbuey7h@google.it,Female,235.21.187.235
hdmych7i,Harley,Dmych,hdmych7i@oaic.gov.au,Female,197.180.222.224
aevetts7j,Aguste,Evetts,aevetts7j@joomla.org,Male,133.123.84.17
amackrill7k,Ainsley,Mackrill,amackrill7k@people.com.cn,Female,34.245.158.216
fcharte7l,Fin,Charte,fcharte7l@ihg.com,Male,112.251.82.252
kloukes7m,Kristyn,Loukes,kloukes7m@washingtonpost.com,Female,163.239.210.27
kbourget7n,Kim,Bourget,kbourget7n@imageshack.us,Female,159.194.147.39
sdepper7o,Shirlee,Depper,sdepper7o@answers.com,Female,221.159.85.76
rconochie7p,Regen,Conochie,rconochie7p@delicious.com,Male,33.186.52.3
echapelhow7q,Emeline,Chapelhow,echapelhow7q@ca.gov,Female,159.231.50.198
jchevers7r,Jervis,Chevers,jchevers7r@github.io,Male,156.15.31.8
enaisbet7s,Elysha,Naisbet,enaisbet7s@state.tx.us,Female,181.145.160.248
lkuhlmey7t,Leyla,Kuhlmey,lkuhlmey7t@ebay.com,Female,197.159.98.114
vmcelree7u,Vittoria,McElree,vmcelree7u@china.com.cn,Female,112.84.39.7
sseary7v,Sibyl,Seary,sseary7v@china.com.cn,Male,118.125.184.196
moduilleain7w,Marlo,O'Duilleain,moduilleain7w@discovery.com,Male,254.203.4.192
gtrevaskiss7x,Gus,Trevaskiss,gtrevaskiss7x@sbwire.com,Female,245.34.80.161
scuddon7y,Stewart,Cuddon,scuddon7y@gravatar.com,Male,65.228.175.132
orimington7z,Oliviero,Rimington,orimington7z@spiegel.de,Male,45.3.5.168
trookesby80,Toby,Rookesby,trookesby80@usda.gov,Male,248.7.199.174
ecorton81,Erhard,Corton,ecorton81@bravesites.com,Male,148.1.188.98
jmews82,Jephthah,Mews,jmews82@shop-pro.jp,Male,68.130.196.44
eyurshev83,Ellsworth,Yurshev,eyurshev83@quantcast.com,Male,101.174.240.122
dprobate84,Desiri,Probate,dprobate84@cdc.gov,Female,58.115.104.25
mcason85,Marjory,Cason,mcason85@so-net.ne.jp,Female,202.15.63.101
wtinniswood86,Wes,Tinniswood,wtinniswood86@cisco.com,Male,226.173.103.118
hgerritsma87,Honor,Gerritsma,hgerritsma87@forbes.com,Female,129.224.209.79
dpenney88,Diarmid,Penney,dpenney88@rakuten.co.jp,Male,67.44.76.36
mminerdo89,Marchall,Minerdo,mminerdo89@noaa.gov,Male,228.147.129.200
xfeighney8a,Xymenes,Feighney,xfeighney8a@mit.edu,Male,68.131.207.71
pfield8b,Pammy,Field,pfield8b@fema.gov,Female,91.16.24.112
cbanner8c,Christen,Banner,cbanner8c@stumbleupon.com,Female,69.148.254.227
skarpychev8d,Sibylla,Karpychev,skarpychev8d@adobe.com,Female,197.47.246.48
kolney8e,Kara-lynn,Olney,kolney8e@illinois.edu,Female,173.118.41.203
ihewins8f,Ilyssa,Hewins,ihewins8f@weibo.com,Female,225.72.123.249
rleeson8g,Rich,Leeson,rleeson8g@washington.edu,Male,187.191.231.95
dbeamont8h,Dirk,Beamont,dbeamont8h@ox.ac.uk,Male,241.212.82.197
vcokly8i,Viviyan,Cokly,vcokly8i@usda.gov,Female,206.102.22.89
jvitler8j,Johnath,Vitler,jvitler8j@jalbum.net,Female,139.79.147.80
zthornhill8k,Zackariah,Thornhill,zthornhill8k@creativecommons.org,Male,92.234.196.43
zmacturlough8l,Zeke,MacTurlough,zmacturlough8l@yolasite.com,Male,152.224.149.253
tsuerz8m,Tobi,Suerz,tsuerz8m@xinhuanet.com,Female,131.98.98.255
pberthelet8n,Persis,Berthelet,pberthelet8n@people.com.cn,Female,144.173.150.39
cmcfarlane8o,Candis,McFarlane,cmcfarlane8o@un.org,Female,66.14.167.26
mgoodbanne8p,Maxine,Goodbanne,mgoodbanne8p@odnoklassniki.ru,Female,161.174.193.64
hanelay8q,Harley,Anelay,hanelay8q@shop-pro.jp,Female,127.253.46.12
mmainz8r,Mattheus,Mainz,mmainz8r@360.cn,Male,25.158.209.57
amatthisson8s,Ashton,Matthisson,amatthisson8s@wikimedia.org,Male,202.223.163.9
lternault8t,Lindie,Ternault,lternault8t@clickbank.net,Female,88.20.135.199
udaniele8u,Urbanus,Daniele,udaniele8u@engadget.com,Male,18.244.180.192
cganter8v,Cecilio,Ganter,cganter8v@jimdo.com,Male,254.68.229.175
tmeasham8w,Twyla,Measham,tmeasham8w@imdb.com,Female,168.3.64.9
cjelks8x,Cobby,Jelks,cjelks8x@techcrunch.com,Male,135.64.73.154
arowcliffe8y,Averill,Rowcliffe,arowcliffe8y@businessinsider.com,Male,17.244.183.40
fdigle8z,Frieda,Digle,fdigle8z@newsvine.com,Female,94.207.147.35
mlenden90,Mollee,Lenden,mlenden90@free.fr,Female,22.62.26.121
kmeo91,Keri,Meo,kmeo91@google.fr,Female,108.251.0.248
kjarman92,Kathleen,Jarman,kjarman92@weather.com,Female,204.134.63.212
tcookley93,Thane,Cookley,tcookley93@hc360.com,Male,94.126.103.82
ebrough94,Eada,Brough,ebrough94@harvard.edu,Female,120.9.252.220
khayball95,Kev,Hayball,khayball95@virginia.edu,Male,195.169.140.119
egeldeard96,Elyn,Geldeard,egeldeard96@xing.com,Female,29.227.46.196
ebrunt97,Ermin,Brunt,ebrunt97@icq.com,Male,206.25.121.250
tchriston98,Tabby,Christon,tchriston98@narod.ru,Male,14.148.75.102
hdudman99,Homer,Dudman,hdudman99@bandcamp.com,Male,137.127.49.52
bmulchrone9a,Bertie,Mulchrone,bmulchrone9a@hao123.com,Male,100.120.54.157
pbernaldo9b,Paule,Bernaldo,pbernaldo9b@google.fr,Female,24.135.142.51
lspellesy9c,Linus,Spellesy,lspellesy9c@china.com.cn,Male,221.234.231.113
rlukianovich9d,Rab,Lukianovich,rlukianovich9d@lulu.com,Male,65.117.54.74
abeazer9e,Ambrose,Beazer,abeazer9e@nationalgeographic.com,Male,15.142.142.48
tparysiak9f,Tad,Parysiak,tparysiak9f@mit.edu,Male,150.149.195.42
nsplevings9g,Nikos,Splevings,nsplevings9g@patch.com,Male,113.133.170.62
sadamowicz9h,Seka,Adamowicz,sadamowicz9h@baidu.com,Female,175.236.39.255
jbohje9i,Judon,Bohje,jbohje9i@ezinearticles.com,Male,47.234.172.171
amacilory9j,Antony,MacIlory,amacilory9j@theguardian.com,Male,28.39.21.20
bbamford9k,Bobbye,Bamford,bbamford9k@tinypic.com,Female,57.222.210.255
vmercy9l,Vladimir,Mercy,vmercy9l@last.fm,Male,72.65.238.48
cmilverton9m,Ceil,Milverton,cmilverton9m@example.com,Female,233.205.60.129
mtorrijos9n,Milo,Torrijos,mtorrijos9n@histats.com,Male,51.54.93.179
ncarruthers9o,Nadya,Carruthers,ncarruthers9o@virginia.edu,Female,37.163.7.110
nrubinshtein9p,Norene,Rubinshtein,nrubinshtein9p@kickstarter.com,Female,127.16.131.37
ostrank9q,Ozzie,Strank,ostrank9q@ftc.gov,Male,240.140.12.38
shabert9r,Selena,Habert,shabert9r@bizjournals.com,Female,237.244.99.1
alopes9s,Alyson,Lopes,alopes9s@hhs.gov,Female,194.143.42.150
mspohrmann9t,Marice,Spohrmann,mspohrmann9t@com.com,Female,236.102.190.143
hcastanos9u,Hedvige,Castanos,hcastanos9u@trellian.com,Female,186.166.199.240
sasp9v,Stafani,Asp,sasp9v@chronoengine.com,Female,65.179.114.157
dstockney9w,Damien,Stockney,dstockney9w@ihg.com,Male,91.202.185.141
mshellibeer9x,Marian,Shellibeer,mshellibeer9x@nbcnews.com,Female,139.6.16.212
mdollard9y,Mikaela,Dollard,mdollard9y@statcounter.com,Female,69.94.168.48
ecrosio9z,Elmo,Crosio,ecrosio9z@uol.com.br,Male,64.119.119.44
knorgatea0,Kaleb,Norgate,knorgatea0@upenn.edu,Male,165.62.199.173
ebravena1,Evaleen,Braven,ebravena1@usatoday.com,Female,187.74.67.154
ncarleta2,Natty,Carlet,ncarleta2@jiathis.com,Male,198.185.197.15
mbarnsleya3,Meier,Barnsley,mbarnsleya3@wordpress.org,Male,127.55.167.187
awillsheara4,Arman,Willshear,awillsheara4@printfriendly.com,Male,200.97.42.1
jfearfulla5,Jaime,Fearfull,jfearfulla5@quantcast.com,Female,240.135.111.95
hmarsdena6,Hurley,Marsden,hmarsdena6@hhs.gov,Male,202.242.67.65
mkinzea7,Mellicent,Kinze,mkinzea7@mail.ru,Female,218.82.4.244
mlumsdalla8,Masha,Lumsdall,mlumsdalla8@cbsnews.com,Female,78.16.58.27
sraltona9,Shaun,Ralton,sraltona9@behance.net,Male,230.202.12.195
brollettaa,Beatrix,Rollett,brollettaa@alibaba.com,Female,24.163.231.218
wkillingsworthab,Wynn,Killingsworth,wkillingsworthab@sina.com.cn,Female,142.91.192.90
hgallallyac,Hailee,Gallally,hgallallyac@yolasite.com,Female,146.101.197.95
cmarkusad,Catha,Markus,cmarkusad@slate.com,Female,136.180.174.10
sleslieae,Stephan,Leslie,sleslieae@webnode.com,Male,113.15.158.26
abolandaf,Arleta,Boland,abolandaf@wikia.com,Female,116.117.152.135
melgramag,Mick,Elgram,melgramag@smh.com.au,Male,8.188.69.83
econditah,Ebba,Condit,econditah@time.com,Female,152.247.191.214
rdhillonai,Rickey,Dhillon,rdhillonai@yellowbook.com,Male,81.37.91.182
abythewayaj,Alec,Bytheway,abythewayaj@w3.org,Male,31.137.6.224
ekeableak,Edie,Keable,ekeableak@cnbc.com,Female,2.37.249.242
dhayfieldal,Dacey,Hayfield,dhayfieldal@chicagotribune.com,Female,211.14.163.119
fjohnesam,Francisco,Johnes,fjohnesam@seesaa.net,Male,171.125.23.33
whansanaan,Winny,Hansana,whansanaan@examiner.com,Male,32.241.172.124
mcourtenayao,Melita,Courtenay,mcourtenayao@exblog.jp,Female,204.81.86.186
ehumerstoneap,Elsworth,Humerstone,ehumerstoneap@samsung.com,Male,61.182.210.36
mbrandhamaq,Mordy,Brandham,mbrandhamaq@github.io,Male,40.83.206.135
lrosendallar,La verne,Rosendall,lrosendallar@arstechnica.com,Female,64.11.206.227
gdadgeas,Gwenni,Dadge,gdadgeas@weather.com,Female,9.165.185.204
mcreaseyat,Marsha,Creasey,mcreaseyat@census.gov,Female,162.50.253.116
dbiertonau,Delmor,Bierton,dbiertonau@google.fr,Male,224.155.202.28
kpetrelloav,Kalle,Petrello,kpetrelloav@wsj.com,Male,43.235.41.62
fguilfoyleaw,Foster,Guilfoyle,fguilfoyleaw@intel.com,Male,238.72.63.240
fbaitmanax,Fran,Baitman,fbaitmanax@purevolume.com,Female,122.113.75.106
isimnoray,Iver,Simnor,isimnoray@youtube.com,Male,180.5.5.97
rmellenbyaz,Rosette,Mellenby,rmellenbyaz@freewebs.com,Female,108.197.39.214
mgouldieb0,Mick,Gouldie,mgouldieb0@wsj.com,Male,236.27.224.134
cvangiffenb1,Corrina,Van Giffen,cvangiffenb1@nba.com,Female,47.36.180.125
hblaneyb2,Hagen,Blaney,hblaneyb2@cnbc.com,Male,227.244.194.44
kmeaddowcroftb3,Kiele,Meaddowcroft,kmeaddowcroftb3@cam.ac.uk,Female,45.29.143.152
wveallb4,Wylma,Veall,wveallb4@bbb.org,Female,78.199.72.158
cordishb5,Craig,Ordish,cordishb5@tiny.cc,Male,106.141.161.52
tlindholmb6,Teressa,Lindholm,tlindholmb6@ycombinator.com,Female,173.84.83.245
brickasseb7,Bartholemy,Rickasse,brickasseb7@ftc.gov,Male,129.112.59.175
fitzhakb8,Franny,Itzhak,fitzhakb8@tmall.com,Male,228.106.207.254
flilionb9,Ferd,Lilion,flilionb9@aboutads.info,Male,170.154.185.216
fmillenba,Fayette,Millen,fmillenba@webeden.co.uk,Female,83.251.120.155
fkempstonebb,Falkner,Kempstone,fkempstonebb@github.com,Male,193.183.174.157
rstrangbc,Ranice,Strang,rstrangbc@wikia.com,Female,90.127.68.14
scouroybd,Stearne,Couroy,scouroybd@sciencedirect.com,Male,164.114.11.120
bderobertbe,Bartram,Derobert,bderobertbe@tinypic.com,Male,7.167.54.77
rrisbridgerbf,Ronni,Risbridger,rrisbridgerbf@sogou.com,Female,97.55.85.233
nneybg,Nye,Ney,nneybg@tamu.edu,Male,92.174.203.112
coldroydebh,Cary,Oldroyde,coldroydebh@wisc.edu,Male,227.160.126.188
rlamplughbi,Raynell,Lamplugh,rlamplughbi@networkadvertising.org,Female,167.8.22.83
lchavebj,Liza,Chave,lchavebj@jugem.jp,Female,76.150.144.169
mclawbk,Mendy,Claw,mclawbk@arstechnica.com,Male,200.175.126.252
sjesticobl,Sadie,Jestico,sjesticobl@amazon.de,Female,131.251.29.78
mgaskoinbm,Mikaela,Gaskoin,mgaskoinbm@cyberchimps.com,Female,193.25.213.28
erizziellobn,Earl,Rizziello,erizziellobn@mac.com,Male,124.188.31.239
btraversbo,Benjy,Travers,btraversbo@ed.gov,Male,9.64.232.114
rshellumbp,Reynolds,Shellum,rshellumbp@joomla.org,Male,73.133.140.153
rhrihorovichbq,Rogerio,Hrihorovich,rhrihorovichbq@biblegateway.com,Male,165.101.197.43
rsabathierbr,Rorke,Sabathier,rsabathierbr@delicious.com,Male,85.234.157.143
rtrewinbs,Rowena,Trewin,rtrewinbs@360.cn,Female,28.78.249.144
tvarleybt,Taylor,Varley,tvarleybt@buzzfeed.com,Male,239.152.126.84
tdrewsbu,Torin,Drews,tdrewsbu@pen.io,Male,12.239.72.6
jlabusquierebv,Jordan,Labusquiere,jlabusquierebv@nifty.com,Male,170.60.74.37
laistonbw,Lucian,Aiston,laistonbw@behance.net,Male,32.232.158.112
fhorstedbx,Francesco,Horsted,fhorstedbx@indiatimes.com,Male,185.49.107.16
onorkerby,Ofelia,Norker,onorkerby@de.vu,Female,152.206.180.150
jkarlmannbz,Jeri,Karlmann,jkarlmannbz@fda.gov,Female,0.108.101.188
ktoraldc0,Kinnie,Torald,ktoraldc0@walmart.com,Male,41.186.42.169
jrhodesc1,Jdavie,Rhodes,jrhodesc1@vkontakte.ru,Male,53.45.92.168
jflockhartc2,Johna,Flockhart,jflockhartc2@kickstarter.com,Female,164.142.96.54
bmityakovc3,Bartlett,Mityakov,bmityakovc3@odnoklassniki.ru,Male,32.135.66.188
djosefowiczc4,Dunn,Josefowicz,djosefowiczc4@jimdo.com,Male,251.233.229.24
qgrgicc5,Quintana,Grgic,qgrgicc5@amazon.co.jp,Female,254.37.121.187
mzamoranoc6,Mariam,Zamorano,mzamoranoc6@barnesandnoble.com,Female,170.242.208.20
sstookec7,Smitty,Stooke,sstookec7@sfgate.com,Male,116.15.36.228
ccouchmanc8,Chico,Couchman,ccouchmanc8@nytimes.com,Male,234.212.43.148
hhamsharc9,Hadley,Hamshar,hhamsharc9@google.it,Male,124.84.62.18
bfallancheca,Brocky,Fallanche,bfallancheca@redcross.org,Male,180.125.137.227
tknottecb,Thom,Knotte,tknottecb@godaddy.com,Male,96.17.219.75
sbellwoodcc,Sunny,Bellwood,sbellwoodcc@sogou.com,Male,252.16.51.241
livashnyovcd,Leyla,Ivashnyov,livashnyovcd@ted.com,Female,37.3.195.153
iklinckce,Isidore,Klinck,iklinckce@google.ca,Male,156.125.73.225
ehacquardcf,Eugenius,Hacquard,ehacquardcf@sina.com.cn,Male,251.245.90.159
fbuncecg,Friederike,Bunce,fbuncecg@blogtalkradio.com,Female,221.142.224.26
gwilbrahamch,Gardiner,Wilbraham,gwilbrahamch@redcross.org,Male,78.131.247.144
ebovisci,Esteban,Bovis,ebovisci@answers.com,Male,23.26.90.214
stomasiancj,Sheffie,Tomasian,stomasiancj@vistaprint.com,Male,208.69.140.133
cmckernanck,Cindie,McKernan,cmckernanck@dyndns.org,Female,46.89.189.177
brottecl,Boot,Rotte,brottecl@yellowpages.com,Male,139.163.75.61
tmargerycm,Trula,Margery,tmargerycm@sohu.com,Female,148.12.229.230
chenricn,Corabel,Henri,chenricn@newyorker.com,Female,6.76.134.234
ocashenco,Oliviero,Cashen,ocashenco@answers.com,Male,222.93.1.164
svyvyancp,Stella,Vyvyan,svyvyancp@thetimes.co.uk,Female,161.132.93.253
pkindlecq,Pepillo,Kindle,pkindlecq@vk.com,Male,51.61.255.225
ggreenhalfcr,Gerrie,Greenhalf,ggreenhalfcr@dedecms.com,Male,211.183.135.9
ndraycottcs,Nat,Draycott,ndraycottcs@nyu.edu,Male,174.29.165.59
igonninct,Inger,Gonnin,igonninct@geocities.jp,Female,117.95.17.101
fpestrickecu,Freddy,Pestricke,fpestrickecu@fotki.com,Male,66.222.77.111
fpashcv,Finlay,Pash,fpashcv@ox.ac.uk,Male,206.182.26.4
cleicestercw,Chancey,Leicester,cleicestercw@zdnet.com,Male,170.22.1.20
ajennionscx,Adelina,Jennions,ajennionscx@indiatimes.com,Female,76.154.229.62
kmurdochcy,Kippy,Murdoch,kmurdochcy@senate.gov,Female,183.80.242.2
tbarroncz,Trent,Barron,tbarroncz@discovery.com,Male,32.188.76.74
bmeltond0,Bartlet,Melton,bmeltond0@wufoo.com,Male,70.93.146.221
wposselld1,Wit,Possell,wposselld1@fastcompany.com,Male,94.180.244.59
dtoddd2,Dela,Todd,dtoddd2@elpais.com,Female,7.109.236.189
flebarrd3,Farrel,Le Barr,flebarrd3@npr.org,Male,22.191.95.143
alaybourned4,Augustus,Laybourne,alaybourned4@comcast.net,Male,77.143.185.57
mjarrettd5,Myer,Jarrett,mjarrettd5@ebay.com,Male,224.101.225.79
fluttyd6,Fidelia,Lutty,fluttyd6@addthis.com,Female,102.196.238.141
bchastaingd7,Burg,Chastaing,bchastaingd7@shop-pro.jp,Male,41.114.117.231
rmanneringd8,Roderigo,Mannering,rmanneringd8@godaddy.com,Male,150.74.198.51
aclemenzid9,Ardelis,Clemenzi,aclemenzid9@theatlantic.com,Female,208.189.76.48
dbasezzida,Darline,Basezzi,dbasezzida@va.gov,Female,50.24.34.190
gstickeldb,Grove,Stickel,gstickeldb@bbb.org,Male,10.95.123.215
nbusendc,Nobe,Busen,nbusendc@bloglines.com,Male,108.111.216.168
bleatedd,Briney,Leate,bleatedd@nps.gov,Female,195.136.87.121
vstihlde,Vivianne,Stihl,vstihlde@apple.com,Female,29.61.49.223
ispeirsdf,Irwinn,Speirs,ispeirsdf@aol.com,Male,227.189.51.199
bwaistalldg,Bran,Waistall,bwaistalldg@alibaba.com,Male,150.198.30.171
pclowdh,Pepillo,Clow,pclowdh@independent.co.uk,Male,217.100.76.195
gdurekdi,Giorgio,Durek,gdurekdi@hexun.com,Male,15.26.226.112
ckrolledj,Cordie,Krolle,ckrolledj@google.es,Female,21.92.132.238
gpregaldk,Gerald,Pregal,gpregaldk@1und1.de,Male,95.80.84.153
thuckedl,Trevor,Hucke,thuckedl@pagesperso-orange.fr,Male,48.5.134.121
mbarcadm,Morna,Barca,mbarcadm@wikia.com,Female,239.156.239.223
woharedn,Wallace,O'Hare,woharedn@google.com.au,Male,237.77.206.162
aradbanddo,Adriano,Radband,aradbanddo@usnews.com,Male,154.81.195.197
drimbaultdp,Daren,Rimbault,drimbaultdp@friendfeed.com,Male,85.221.230.203
fstetlyedq,Fons,Stetlye,fstetlyedq@businessinsider.com,Male,16.250.157.57
snelhamsdr,Shelton,Nelhams,snelhamsdr@pagesperso-orange.fr,Male,184.209.33.223
ocuckoods,Olympie,Cuckoo,ocuckoods@google.ru,Female,102.189.206.57
hnewburydt,Helaina,Newbury,hnewburydt@delicious.com,Female,150.78.179.110
msetterthwaitdu,Margaretha,Setterthwait,msetterthwaitdu@wikimedia.org,Female,131.20.205.161
ccogledv,Cara,Cogle,ccogledv@dailymail.co.uk,Female,13.69.164.239
jsanzdw,Judie,Sanz,jsanzdw@bravesites.com,Female,43.165.15.240
pmettrickdx,Peria,Mettrick,pmettrickdx@comcast.net,Female,81.126.135.212
dkynvindy,Derry,Kynvin,dkynvindy@about.com,Male,114.164.82.168
jdiggelldz,Jozef,Diggell,jdiggelldz@dagondesign.com,Male,178.159.70.197
lbenoixe0,Lawrence,Benoix,lbenoixe0@pcworld.com,Male,131.138.60.179
fmckiee1,Freda,McKie,fmckiee1@mashable.com,Female,123.237.250.146
fhayseye2,Franny,Haysey,fhayseye2@google.co.jp,Male,227.119.194.55
apawlickie3,Arturo,Pawlicki,apawlickie3@skyrock.com,Male,26.80.57.157
dvoffe4,Dita,Voff,dvoffe4@sciencedirect.com,Female,216.102.161.138
akeattche5,Asher,Keattch,akeattche5@google.nl,Male,195.119.21.210
cmuscate6,Chiarra,Muscat,cmuscate6@youtube.com,Female,248.106.223.107
mbonde7,Marti,Bond,mbonde7@infoseek.co.jp,Female,167.165.242.137
lsandwiche8,Lena,Sandwich,lsandwiche8@europa.eu,Female,32.30.85.46
edwelleye9,Elmo,Dwelley,edwelleye9@imageshack.us,Male,32.236.14.53
diddiensea,Diane-marie,Iddiens,diddiensea@multiply.com,Female,6.12.25.3
lparsonsoneb,Lotta,Parsonson,lparsonsoneb@flavors.me,Female,202.26.131.141
azealeec,Alejandrina,Zeale,azealeec@jugem.jp,Female,91.172.142.154
psatcheled,Phil,Satchel,psatcheled@usda.gov,Male,203.90.229.183
rslightee,Royce,Slight,rslightee@bing.com,Male,7.193.50.127
sgerrelsef,Sinclare,Gerrels,sgerrelsef@shutterfly.com,Male,26.91.127.135
rcraighalleg,Roanne,Craighall,rcraighalleg@printfriendly.com,Female,7.92.103.70
hbrookingeh,Hester,Brooking,hbrookingeh@tripadvisor.com,Female,111.242.10.239
cfahrenbacherei,Cody,Fahrenbacher,cfahrenbacherei@fotki.com,Male,17.129.171.153
gmatyuginej,Grethel,Matyugin,gmatyuginej@answers.com,Female,235.240.74.208
gbagworthek,Galen,Bagworth,gbagworthek@jiathis.com,Male,96.236.25.221
teasdonel,Tabby,Easdon,teasdonel@artisteer.com,Female,19.250.248.212
tblancheem,Tabby,Blanche,tblancheem@marriott.com,Female,232.227.211.125
mgwionethen,Marci,Gwioneth,mgwionethen@squarespace.com,Female,125.56.143.98
jskedgeeo,Jordan,Skedge,jskedgeeo@imgur.com,Female,249.151.254.84
pstangeep,Parry,St Ange,pstangeep@digg.com,Male,125.145.16.80
cdefeweq,Curtice,Defew,cdefeweq@cbc.ca,Male,94.85.137.90
zjuorioer,Zita,Juorio,zjuorioer@buzzfeed.com,Female,167.157.17.222
radlemes,Reeva,Adlem,radlemes@xing.com,Female,172.46.220.66
sbossomet,Simone,Bossom,sbossomet@patch.com,Female,8.29.100.210
bjankseu,Boothe,Janks,bjankseu@princeton.edu,Male,72.214.126.169
baprilev,Bernhard,April,baprilev@earthlink.net,Male,150.45.98.64
rseagoew,Rosemaria,Seago,rseagoew@friendfeed.com,Female,255.12.76.137
asaxonex,Annelise,Saxon,asaxonex@freewebs.com,Female,166.190.86.238
roloneey,Reamonn,O' Lone,roloneey@pinterest.com,Male,188.48.129.185
ccricketez,Clara,Cricket,ccricketez@desdev.cn,Female,2.220.221.134
cmccrossanf0,Corny,McCrossan,cmccrossanf0@ca.gov,Male,44.9.101.201
rstallebrassf1,Ramsey,Stallebrass,rstallebrassf1@squarespace.com,Male,8.132.186.97
alemmensf2,Angy,Lemmens,alemmensf2@craigslist.org,Female,185.221.194.86
ekuresf3,Euell,Kures,ekuresf3@opensource.org,Male,235.96.68.226
seddoesf4,Sofia,Eddoes,seddoesf4@nymag.com,Female,204.227.124.29
qgadief5,Quinn,Gadie,qgadief5@reddit.com,Male,112.3.79.48
bduplockf6,Brynna,Duplock,bduplockf6@usda.gov,Female,187.197.37.199
fhekkertf7,Flynn,Hekkert,fhekkertf7@diigo.com,Male,22.108.109.83
ppaginf8,Pippy,Pagin,ppaginf8@spotify.com,Female,143.221.1.49
mstrowanf9,Marten,Strowan,mstrowanf9@weibo.com,Male,52.50.211.29
acroneyfa,Amber,Croney,acroneyfa@scribd.com,Female,207.169.148.113
hjeanenetfb,Humberto,Jeanenet,hjeanenetfb@ted.com,Male,92.35.13.61
bcaltunfc,Brooks,Caltun,bcaltunfc@samsung.com,Female,227.11.167.65
ktruluckfd,Kimmy,Truluck,ktruluckfd@hostgator.com,Female,147.194.128.6
hmcguineyfe,Hildy,McGuiney,hmcguineyfe@cornell.edu,Female,66.219.183.216
hsnoxallff,Holly-anne,Snoxall,hsnoxallff@cnbc.com,Female,145.114.163.206
tmcneishfg,Tome,McNeish,tmcneishfg@4shared.com,Male,115.230.34.171
nohanleyfh,Nadiya,O'Hanley,nohanleyfh@wisc.edu,Female,148.188.48.123
cairetonfi,Corina,Aireton,cairetonfi@loc.gov,Female,17.138.50.4
kcowlamfj,Keelby,Cowlam,kcowlamfj@youku.com,Male,201.51.33.95
kfressonfk,Karoly,Fresson,kfressonfk@unicef.org,Male,250.79.216.9
coloughranfl,Charmane,O' Loughran,coloughranfl@php.net,Female,86.5.7.242
hmouldingfm,Hewie,Moulding,hmouldingfm@yahoo.co.jp,Male,10.81.140.77
fnilesfn,Freeman,Niles,fnilesfn@shutterfly.com,Male,74.134.36.156
rtiesmanfo,Reta,Tiesman,rtiesmanfo@usatoday.com,Female,33.156.237.98
jincefp,Jamey,Ince,jincefp@devhub.com,Male,246.249.40.33
eperonfq,Ellen,Peron,eperonfq@nymag.com,Female,97.232.63.49
nkermittfr,Norene,Kermitt,nkermittfr@economist.com,Female,237.41.176.81
ehussellfs,Elonore,Hussell,ehussellfs@bravesites.com,Female,127.247.46.242
lmcneachtainft,Leigh,McNeachtain,lmcneachtainft@ocn.ne.jp,Female,129.104.192.82
gdoggerellfu,Granger,Doggerell,gdoggerellfu@tripod.com,Male,195.168.190.7
mwrintmorefv,Miof mela,Wrintmore,mwrintmorefv@nyu.edu,Female,233.254.101.12
smelliardfw,Shellie,Melliard,smelliardfw@webnode.com,Female,192.244.201.230
inurcombefx,Isa,Nurcombe,inurcombefx@oakley.com,Male,120.3.178.206
ewantlingfy,Eugenie,Wantling,ewantlingfy@amazonaws.com,Female,86.140.206.157
cbuglassfz,Cristie,Buglass,cbuglassfz@squarespace.com,Female,147.248.41.54
ahadcroftg0,Artemas,Hadcroft,ahadcroftg0@nba.com,Male,207.4.223.254
mmcteerg1,Monte,McTeer,mmcteerg1@redcross.org,Male,189.210.40.205
eyairg2,Emilio,Yair,eyairg2@sbwire.com,Male,233.128.137.22
dupstellg3,Danila,Upstell,dupstellg3@hao123.com,Female,71.100.120.96
ppeareg4,Pietrek,Peare,ppeareg4@soup.io,Male,200.92.254.120
yantyukhing5,Yvette,Antyukhin,yantyukhing5@netvibes.com,Female,238.244.216.52
xjirang6,Xavier,Jiran,xjirang6@liveinternet.ru,Male,58.250.42.87
bcousinsg7,Bonnie,Cousins,bcousinsg7@storify.com,Female,248.40.121.10
vfilyushking8,Vally,Filyushkin,vfilyushking8@slate.com,Female,1.80.113.175
fpettusg9,Field,Pettus,fpettusg9@upenn.edu,Male,27.166.43.73
rwidmoorga,Rowen,Widmoor,rwidmoorga@istockphoto.com,Male,51.185.41.79
dbuswellgb,Davin,Buswell,dbuswellgb@so-net.ne.jp,Male,0.56.132.31
rspadonigc,Riobard,Spadoni,rspadonigc@tamu.edu,Male,90.211.112.251
msollygd,Margaretha,Solly,msollygd@hc360.com,Female,120.249.103.67
dmaldinge,Deana,Maldin,dmaldinge@nationalgeographic.com,Female,180.35.4.79
fhasneygf,Faustine,Hasney,fhasneygf@ucoz.ru,Female,124.121.6.81
trycegg,Tam,Ryce,trycegg@state.gov,Male,201.126.27.94
slewinggh,Shanna,Lewing,slewinggh@dagondesign.com,Female,142.183.142.26
dnorthinggi,Durward,Northing,dnorthinggi@nifty.com,Male,235.162.162.127
vistedgj,Vitoria,Isted,vistedgj@scribd.com,Female,205.215.130.178
wbasillgk,Westbrook,Basill,wbasillgk@fda.gov,Male,164.21.38.230
cgreasergl,Cosme,Greaser,cgreasergl@google.co.uk,Male,84.21.184.36
clucianigm,Christy,Luciani,clucianigm@google.co.jp,Female,250.73.98.249
tbestongn,Talia,Beston,tbestongn@washingtonpost.com,Female,111.254.40.159
eabdygo,Editha,Abdy,eabdygo@canalblog.com,Female,163.236.208.251
gliveleygp,Gilli,Liveley,gliveleygp@vinaora.com,Female,166.22.0.108
sfolcarelligq,Sid,Folcarelli,sfolcarelligq@mysql.com,Male,140.252.25.207
bgostridgegr,Bonnibelle,Gostridge,bgostridgegr@rambler.ru,Female,219.75.109.96
dlawmangs,Dani,Lawman,dlawmangs@seattletimes.com,Male,221.171.122.224
rkiehnegt,Reg,Kiehne,rkiehnegt@umn.edu,Male,160.203.155.248
dcantgu,Dionis,Cant,dcantgu@opera.com,Female,114.3.124.135
palkergv,Polly,Alker,palkergv@photobucket.com,Female,2.100.221.151
vlermouthgw,Vina,Lermouth,vlermouthgw@go.com,Female,214.174.205.171
smountaingx,Sallie,Mountain,smountaingx@unicef.org,Female,54.180.249.38
wdominecgy,Willy,Dominec,wdominecgy@go.com,Female,211.62.121.146
tmanilowgz,Todd,Manilow,tmanilowgz@wikimedia.org,Male,155.208.162.180
iswensonh0,Ignaz,Swenson,iswensonh0@examiner.com,Male,99.52.52.47
dnorthamh1,Davis,Northam,dnorthamh1@go.com,Male,167.109.113.72
apalphramandh2,Adams,Palphramand,apalphramandh2@newyorker.com,Male,135.27.248.8
asineh3,Ailey,Sine,asineh3@clickbank.net,Female,198.241.154.91
athonh4,Annabela,Thon,athonh4@icio.us,Female,244.49.62.98
kstandonh5,Kimball,Standon,kstandonh5@creativecommons.org,Male,105.31.51.94
kizakovh6,Kelcie,Izakov,kizakovh6@topsy.com,Female,109.64.66.149
fbrunescoh7,Fabiano,Brunesco,fbrunescoh7@narod.ru,Male,31.69.250.6
rgoodleth8,Roxana,Goodlet,rgoodleth8@devhub.com,Female,76.67.177.125
gofallonh9,Garvey,O'Fallon,gofallonh9@wikipedia.org,Male,24.216.228.122
dhamertonha,Dougie,Hamerton,dhamertonha@ted.com,Male,176.236.222.152
aodeoranhb,Alexandr,O'Deoran,aodeoranhb@godaddy.com,Male,7.63.96.17
elethemhc,Elinor,Lethem,elethemhc@tumblr.com,Female,101.104.93.34
hmotionhd,Haslett,Motion,hmotionhd@va.gov,Male,233.228.184.144
lbottelstonehe,Lilas,Bottelstone,lbottelstonehe@hp.com,Female,151.61.127.32
vcastardhf,Venita,Castard,vcastardhf@cdc.gov,Female,240.81.193.81
rabbahg,Robina,Abba,rabbahg@addtoany.com,Female,85.222.7.73
cransteadhh,Charmion,Ranstead,cransteadhh@marriott.com,Female,159.133.244.202
zmundellhi,Zia,Mundell,zmundellhi@google.com.au,Female,148.33.166.65
fmacsharryhj,Frederik,MacSharry,fmacsharryhj@feedburner.com,Male,235.28.194.87
iomahonyhk,Ichabod,O' Mahony,iomahonyhk@wikispaces.com,Male,155.149.102.119
nmenpeshl,Niccolo,Menpes,nmenpeshl@sitemeter.com,Male,32.149.9.16
amintofthm,Alli,Mintoft,amintofthm@networkadvertising.org,Female,114.173.253.79
sohartnedyhn,Sonia,O'Hartnedy,sohartnedyhn@elegantthemes.com,Female,233.203.169.52
bblunsomho,Benoit,Blunsom,bblunsomho@arstechnica.com,Male,86.57.168.129
tfarranshp,Tiffi,Farrans,tfarranshp@telegraph.co.uk,Female,237.168.215.93
cfinessyhq,Carissa,Finessy,cfinessyhq@mozilla.org,Female,237.177.126.22
punderdownhr,Park,Underdown,punderdownhr@goodreads.com,Male,235.47.99.253
ryeomanhs,Rowland,Yeoman,ryeomanhs@bloglovin.com,Male,171.164.26.13
sdurberht,Sayers,Durber,sdurberht@github.io,Male,236.254.27.113
kbartihu,Kym,Barti,kbartihu@vistaprint.com,Female,203.89.18.6
twaltonhv,Tripp,Walton,twaltonhv@yellowbook.com,Male,92.34.226.218
csteadhw,Cornall,Stead,csteadhw@cdc.gov,Male,184.181.217.250
jlegganhx,Jard,Leggan,jlegganhx@zdnet.com,Male,180.163.118.47
dbalfrehy,Daryl,Balfre,dbalfrehy@deliciousdays.com,Male,41.213.175.202
mcrisallhz,Marin,Crisall,mcrisallhz@cdbaby.com,Female,35.5.55.176
adentyi0,Augusta,Denty,adentyi0@geocities.jp,Female,243.68.178.240
hsnowmani1,Ham,Snowman,hsnowmani1@hp.com,Male,255.191.178.189
lmcmillami2,Lynnet,McMillam,lmcmillami2@usgs.gov,Female,111.155.30.77
rkinsleyi3,Royall,Kinsley,rkinsleyi3@who.int,Male,255.246.28.91
ahurdlei4,Addie,Hurdle,ahurdlei4@forbes.com,Male,44.178.220.192
kpiechniki5,Krystle,Piechnik,kpiechniki5@jugem.jp,Female,76.252.239.192
apardeyi6,Adler,Pardey,apardeyi6@jalbum.net,Male,156.131.214.242
jstanneri7,Joel,Stanner,jstanneri7@vkontakte.ru,Male,226.148.144.177
sdousti8,Shelley,Doust,sdousti8@ucoz.ru,Male,194.131.138.62
mabbayi9,Madison,Abbay,mabbayi9@nifty.com,Male,97.119.48.224
nwortia,Nikolia,Wort,nwortia@reddit.com,Female,102.40.43.58
moneilib,Mose,O'Neil,moneilib@google.pl,Male,156.55.224.29
rwaylenic,Rici,Waylen,rwaylenic@simplemachines.org,Female,222.129.121.43
jemanuelid,Jerrie,Emanuel,jemanuelid@boston.com,Female,233.17.2.5
rglenie,Reamonn,Glen,rglenie@opera.com,Male,186.52.55.12
cmayif,Clara,May,cmayif@chron.com,Female,113.224.205.13
trowleyig,Trude,Rowley,trowleyig@army.mil,Female,109.41.244.234
mcoupeih,Moina,Coupe,mcoupeih@tripadvisor.com,Female,129.55.175.206
abathowii,Allie,Bathow,abathowii@chron.com,Male,152.27.226.106
cjahnij,Court,Jahn,cjahnij@sciencedirect.com,Male,228.58.227.148
strumbleik,Sigvard,Trumble,strumbleik@house.gov,Male,190.177.118.168
rcazeil,Rosabel,Caze,rcazeil@shinystat.com,Female,190.225.193.225
kdrowsfieldim,Kellen,Drowsfield,kdrowsfieldim@friendfeed.com,Female,136.159.140.209
rricardoin,Raddy,Ricardo,rricardoin@amazonaws.com,Male,179.183.203.238
hkopfenio,Henry,Kopfen,hkopfenio@omniture.com,Male,13.87.249.84
eclementip,Eddie,Clement,eclementip@simplemachines.org,Male,177.82.213.97
lduttiq,Lindsy,Dutt,lduttiq@goo.ne.jp,Female,214.217.43.73
bnaveinir,Base,Navein,bnaveinir@baidu.com,Male,114.212.163.217
asumpteris,Arch,Sumpter,asumpteris@ycombinator.com,Male,192.86.127.97
bgoulderit,Bernardine,Goulder,bgoulderit@soup.io,Female,118.135.253.147
astartoniu,Anne,Starton,astartoniu@soundcloud.com,Female,151.143.226.251
bconqueriv,Byrle,Conquer,bconqueriv@webmd.com,Male,32.131.141.18
oguildiw,Otha,Guild,oguildiw@jugem.jp,Female,224.254.57.64
sfauxix,Saunder,Faux,sfauxix@jalbum.net,Male,195.24.18.0
cbartensiy,Catarina,Bartens,cbartensiy@live.com,Female,62.81.132.163
loviseiz,Lorette,Ovise,loviseiz@taobao.com,Female,198.104.43.91
ckermodej0,Conroy,Kermode,ckermodej0@plala.or.jp,Male,36.247.201.152
vforresterj1,Valentijn,Forrester,vforresterj1@cargocollective.com,Male,31.41.252.21
coakenfieldj2,Cicily,Oakenfield,coakenfieldj2@google.de,Female,81.63.197.41
mmcilvennyj3,Mitchell,McIlvenny,mmcilvennyj3@psu.edu,Male,201.253.63.136
asurteesj4,Athena,Surtees,asurteesj4@360.cn,Female,11.105.116.52
ebudnkj5,Ernestus,Budnk,ebudnkj5@google.co.uk,Male,150.106.131.205
arasperj6,Ardath,Rasper,arasperj6@google.de,Female,20.35.93.161
abygravesj7,Amos,Bygraves,abygravesj7@symantec.com,Male,208.62.152.147
bbatchelarj8,Bram,Batchelar,bbatchelarj8@salon.com,Male,127.3.47.239
rsemeradovaj9,Roselle,Semeradova,rsemeradovaj9@edublogs.org,Female,2.112.140.143
wabramzonja,Whitman,Abramzon,wabramzonja@yellowbook.com,Male,108.170.34.165
epetrellijb,Ervin,Petrelli,epetrellijb@tripod.com,Male,170.245.124.245
hkellyjc,Hetty,Kelly,hkellyjc@un.org,Female,60.156.252.166
wratejd,Wood,Rate,wratejd@dmoz.org,Male,144.226.2.149
eaitkinje,Edeline,Aitkin,eaitkinje@bravesites.com,Female,133.196.250.134
aharlettjf,Athene,Harlett,aharlettjf@bloglines.com,Female,233.41.149.223
tferrellijg,Thedric,Ferrelli,tferrellijg@spiegel.de,Male,2.161.89.193
wpantonejh,Welsh,Pantone,wpantonejh@discovery.com,Male,214.211.232.150
lwasielewiczji,Lesli,Wasielewicz,lwasielewiczji@baidu.com,Female,69.145.148.99
mwoodstockjj,Mel,Woodstock,mwoodstockjj@auda.org.au,Female,98.220.118.39
mfalshawjk,Mari,Falshaw,mfalshawjk@go.com,Female,135.67.131.200
klarimerjl,Kikelia,Larimer,klarimerjl@joomla.org,Female,40.168.46.132
agerardetjm,Andros,Gerardet,agerardetjm@intel.com,Male,99.174.128.237
yscarisbrickjn,Yetta,Scarisbrick,yscarisbrickjn@gov.uk,Female,182.197.253.83
pcorrettjo,Pier,Corrett,pcorrettjo@marriott.com,Female,84.17.230.33
spiatkowskijp,Salomo,Piatkowski,spiatkowskijp@reverbnation.com,Male,130.159.102.160
jmarkiejq,Justin,Markie,jmarkiejq@163.com,Male,186.130.236.106
hbeatjr,Hazel,Beat,hbeatjr@imgur.com,Female,145.234.109.123
sthorndalejs,Shandee,Thorndale,sthorndalejs@hud.gov,Female,180.36.164.136
pmarkljt,Phineas,Markl,pmarkljt@xrea.com,Male,130.203.139.65
cspurgeju,Cloe,Spurge,cspurgeju@hp.com,Female,128.206.100.36
ilesmondejv,Irwin,Lesmonde,ilesmondejv@rediff.com,Male,121.103.165.152
schurchinjw,Sheri,Churchin,schurchinjw@craigslist.org,Female,152.208.130.73
tgorsjx,Tallie,Gors,tgorsjx@unblog.fr,Female,105.160.0.127
mladburyjy,Moses,Ladbury,mladburyjy@constantcontact.com,Male,170.159.163.137
cgilsthorpejz,Chris,Gilsthorpe,cgilsthorpejz@sogou.com,Male,108.215.76.142
vkorpalk0,Valentia,Korpal,vkorpalk0@cnn.com,Female,51.14.1.67
vlibbisk1,Vasili,Libbis,vlibbisk1@sbwire.com,Male,255.162.141.206
acrokerk2,Angie,Croker,acrokerk2@go.com,Male,211.0.69.232
cmccumeskyk3,Charyl,McCumesky,cmccumeskyk3@google.it,Female,213.14.57.29
rscampionk4,Roi,Scampion,rscampionk4@icio.us,Male,145.35.178.210
wvyelk5,Wendel,Vyel,wvyelk5@biglobe.ne.jp,Male,247.66.39.212
lyappk6,Lee,Yapp,lyappk6@google.com.hk,Female,39.200.131.51
imcomishk7,Inness,McOmish,imcomishk7@de.vu,Male,76.168.48.129
mkulask8,Melvyn,Kulas,mkulask8@stumbleupon.com,Male,3.116.170.249
fbulgerk9,Freedman,Bulger,fbulgerk9@t.co,Male,68.174.197.215
pkeyska,Pascal,Keys,pkeyska@npr.org,Male,33.198.251.112
bgrogonokb,Brendon,Grogono,bgrogonokb@aboutads.info,Male,241.227.185.73
wbreenskc,Wendi,Breens,wbreenskc@shinystat.com,Female,8.108.65.4
wnorthwoodkd,Willie,Northwood,wnorthwoodkd@yahoo.co.jp,Female,250.98.4.249
ahatryke,Andonis,Hatry,ahatryke@domainmarket.com,Male,165.156.42.240
curreykf,Curtis,Urrey,curreykf@t-online.de,Male,8.230.76.23
hmeachemkg,Harri,Meachem,hmeachemkg@archive.org,Female,237.202.134.79
elocardkh,Edsel,Locard,elocardkh@mapquest.com,Male,252.241.64.192
arobkeki,Asher,Robke,arobkeki@mysql.com,Male,253.186.165.202
wramelotkj,Waverley,Ramelot,wramelotkj@jugem.jp,Male,85.194.38.37
afothergillkk,Aurea,Fothergill,afothergillkk@archive.org,Female,8.3.71.56
rkobielakl,Roanne,Kobiela,rkobielakl@mit.edu,Female,7.148.12.144
cegginskm,Clement,Eggins,cegginskm@tripadvisor.com,Male,158.224.164.195
olittrikkn,Ogdan,Littrik,olittrikkn@ocn.ne.jp,Male,211.108.204.189
cmccoolko,Chelsae,McCool,cmccoolko@howstuffworks.com,Female,177.215.47.211
cbonifacekp,Cooper,Boniface,cbonifacekp@merriam-webster.com,Male,121.104.164.216
ssantorokq,Simmonds,Santoro,ssantorokq@slashdot.org,Male,92.128.176.230
hlillimankr,Harvey,Lilliman,hlillimankr@last.fm,Male,224.78.39.185
sflipsenks,Stafford,Flipsen,sflipsenks@bigcartel.com,Male,115.34.67.3
nkainkt,Niels,Kain,nkainkt@phpbb.com,Male,117.38.249.86
ahunnku,Ally,Hunn,ahunnku@goo.gl,Female,64.122.242.227
woffnerkv,Windham,Offner,woffnerkv@icio.us,Male,157.149.246.15
afogelkw,Aldon,Fogel,afogelkw@blogs.com,Male,163.160.119.39
mgouldthorpekx,Maddy,Gouldthorpe,mgouldthorpekx@vimeo.com,Female,45.191.224.118
sgalgeyky,Sheela,Galgey,sgalgeyky@upenn.edu,Female,73.253.155.15
mmalinkz,Mario,Malin,mmalinkz@eepurl.com,Male,205.219.111.139
aburgotl0,Averil,Burgot,aburgotl0@uiuc.edu,Male,244.73.51.166
cibelll1,Christean,Ibell,cibelll1@cornell.edu,Female,105.199.204.244
jtrickerl2,Jereme,Tricker,jtrickerl2@msu.edu,Male,236.63.245.245
fbelseyl3,Fan,Belsey,fbelseyl3@vkontakte.ru,Female,58.179.141.50
msimanenkol4,Melli,Simanenko,msimanenkol4@myspace.com,Female,117.73.197.34
lblenchl5,Lawton,Blench,lblenchl5@usa.gov,Male,210.75.129.23
lnundl6,Lulu,Nund,lnundl6@multiply.com,Female,40.71.183.76
sgridonl7,Sigmund,Gridon,sgridonl7@icio.us,Male,254.41.187.3
vspalll8,Vinita,Spall,vspalll8@youku.com,Female,197.151.15.64
mmetschkel9,Margarita,Metschke,mmetschkel9@digg.com,Female,72.211.195.32
tcordetla,Thoma,Cordet,tcordetla@springer.com,Male,218.91.206.87
lvignallb,Larry,Vignal,lvignallb@nhs.uk,Male,80.208.232.55
nearlamlc,Nichol,Earlam,nearlamlc@icq.com,Female,64.89.244.232
nbotlerld,Nicolis,Botler,nbotlerld@eventbrite.com,Male,58.104.61.160
vmcwhannelle,Vaughn,McWhannel,vmcwhannelle@eepurl.com,Male,85.17.33.169
shealeaslf,Seward,Healeas,shealeaslf@xrea.com,Male,141.246.56.213
fcotterelllg,Foster,Cotterell,fcotterelllg@alibaba.com,Male,59.149.222.195
bpilllh,Buck,Pill,bpilllh@globo.com,Male,24.123.182.186
jsibbsli,Jordan,Sibbs,jsibbsli@ucsd.edu,Male,175.197.136.89
rhanniballj,Roseline,Hannibal,rhanniballj@washingtonpost.com,Female,51.73.26.191
dbeadhamlk,Derward,Beadham,dbeadhamlk@posterous.com,Male,146.212.233.188
ezarbll,Ellen,Zarb,ezarbll@biglobe.ne.jp,Female,252.236.90.4
pbutchartlm,Phaidra,Butchart,pbutchartlm@studiopress.com,Female,42.4.60.224
rescoffreyln,Reiko,Escoffrey,rescoffreyln@desdev.cn,Female,242.182.188.52
jbrozssetlo,Johannah,Brozsset,jbrozssetlo@senate.gov,Female,231.107.64.24
ekileylp,Evangelin,Kiley,ekileylp@sakura.ne.jp,Female,92.245.181.191
jwindaybanklq,Joyan,Windaybank,jwindaybanklq@merriam-webster.com,Female,23.86.51.83
tmcguckinlr,Tyrone,McGuckin,tmcguckinlr@google.com,Male,146.101.20.238
otoderils,Othelia,Toderi,otoderils@com.com,Female,244.179.152.189
fmccomelt,Fraze,McCome,fmccomelt@yahoo.co.jp,Male,213.125.246.232
lillwelllu,Luella,Illwell,lillwelllu@unc.edu,Female,217.238.151.72
myousterlv,Marsiella,Youster,myousterlv@blogger.com,Female,159.230.75.182
cdeeganlw,Carol-jean,Deegan,cdeeganlw@clickbank.net,Female,200.1.224.118
hwaberlx,Hercules,Waber,hwaberlx@alexa.com,Male,142.131.99.26
xkighlyly,Xymenes,Kighly,xkighlyly@amazon.co.jp,Male,126.34.99.6
nmaddisonlz,Northrup,Maddison,nmaddisonlz@cloudflare.com,Male,127.85.74.143
abraidwoodm0,Ariel,Braidwood,abraidwoodm0@ucoz.ru,Male,45.210.142.68
wtremathackm1,Whitney,Tremathack,wtremathackm1@nba.com,Female,8.36.102.224
ccrepinm2,Calla,Crepin,ccrepinm2@github.io,Female,60.101.176.12
fwhitemanm3,Finley,Whiteman,fwhitemanm3@berkeley.edu,Male,109.201.219.74
wcartledgem4,Winnifred,Cartledge,wcartledgem4@jiathis.com,Female,213.221.220.196
gchezierm5,Gideon,Chezier,gchezierm5@umn.edu,Male,241.90.210.209
gmarcussenm6,Gawain,Marcussen,gmarcussenm6@mozilla.org,Male,173.27.72.23
abarettem7,Alexandr,Barette,abarettem7@com.com,Male,108.12.255.0
tbesemerm8,Tansy,Besemer,tbesemerm8@cbsnews.com,Female,211.196.158.170
athirlwallm9,Anneliese,Thirlwall,athirlwallm9@youtu.be,Female,126.121.223.244
bshipma,Blythe,Ship,bshipma@reverbnation.com,Female,6.58.52.26
okaesmb,Olly,Kaes,okaesmb@vistaprint.com,Female,100.242.46.112
tmarcumc,Thorndike,Marcu,tmarcumc@devhub.com,Male,15.169.244.45
ioveralmd,Izabel,Overal,ioveralmd@newsvine.com,Female,253.78.242.89
hmulrenanme,Hortensia,Mulrenan,hmulrenanme@google.fr,Female,200.49.70.60
rgammagemf,Reinaldos,Gammage,rgammagemf@microsoft.com,Male,49.249.4.92
lbeaulymg,Laney,Beauly,lbeaulymg@nsw.gov.au,Female,200.4.142.128
mjurickmh,Matelda,Jurick,mjurickmh@comsenz.com,Female,1.199.231.204
cchettlemi,Caressa,Chettle,cchettlemi@ihg.com,Female,52.197.72.178
ncorlettmj,Nara,Corlett,ncorlettmj@goo.ne.jp,Female,176.49.235.132
joloughranmk,Jasmin,O' Loughran,joloughranmk@google.co.jp,Female,135.36.209.145
zmuirdenml,Zitella,Muirden,zmuirdenml@addthis.com,Female,92.52.166.218
mstaceymm,Michell,Stacey,mstaceymm@dell.com,Female,78.95.23.117
ecanariomn,Elspeth,Canario,ecanariomn@patch.com,Female,139.42.10.4
kwoodfinemo,Kaleb,Woodfine,kwoodfinemo@netscape.com,Male,15.94.136.118
jwitherupmp,Jocelyne,Witherup,jwitherupmp@edublogs.org,Female,190.70.128.144
bswitsurmq,Belicia,Switsur,bswitsurmq@cnn.com,Female,59.228.96.40
psaytonmr,Philis,Sayton,psaytonmr@reverbnation.com,Female,69.79.77.81
cbryentonms,Camellia,Bryenton,cbryentonms@craigslist.org,Female,179.52.160.76
ccartledgemt,Cherye,Cartledge,ccartledgemt@taobao.com,Female,218.116.114.144
lwatmanmu,Leanora,Watman,lwatmanmu@cbsnews.com,Female,34.222.74.219
cprestlandmv,Chelsae,Prestland,cprestlandmv@ucsd.edu,Female,126.199.63.61
rzylbermannmw,Russell,Zylbermann,rzylbermannmw@weebly.com,Male,115.76.139.27
mcodlinmx,Merle,Codlin,mcodlinmx@creativecommons.org,Male,76.8.64.65
npassmoremy,Nance,Passmore,npassmoremy@yale.edu,Female,108.144.34.196
mheapsmz,Mandi,Heaps,mheapsmz@issuu.com,Female,136.12.52.108
upiatkown0,Ugo,Piatkow,upiatkown0@slashdot.org,Male,118.157.235.63
jemsonn1,Jorrie,Emson,jemsonn1@hibu.com,Female,176.144.197.59
ssearsn2,Selene,Sears,ssearsn2@vimeo.com,Female,199.196.242.198
mheephyn3,Maxie,Heephy,mheephyn3@smh.com.au,Male,72.144.44.234
bstquintinn4,Brianne,St. Quintin,bstquintinn4@yellowpages.com,Female,190.136.166.111
rberfootn5,Richy,Berfoot,rberfootn5@hhs.gov,Male,215.214.141.142
clodwickn6,Caesar,Lodwick,clodwickn6@creativecommons.org,Male,34.27.85.115
xmaccurlyen7,Xaviera,MacCurlye,xmaccurlyen7@dedecms.com,Female,0.197.236.80
ocrightenn8,Orin,Crighten,ocrightenn8@geocities.jp,Male,37.191.79.118
adrinkeldn9,Audrey,Drinkeld,adrinkeldn9@51.la,Female,117.192.13.96
jwarena,Jayme,Ware,jwarena@over-blog.com,Male,199.143.142.133
kgolleynb,Katy,Golley,kgolleynb@nps.gov,Female,229.148.243.120
gjonuzinc,Godiva,Jonuzi,gjonuzinc@lulu.com,Female,184.103.71.232
mlakernd,Marti,Laker,mlakernd@pagesperso-orange.fr,Female,154.76.9.88
alorenzettone,Ardene,Lorenzetto,alorenzettone@amazon.com,Female,240.60.65.162
tmessenbirdnf,Tucky,Messenbird,tmessenbirdnf@bluehost.com,Male,149.43.117.28
tclarabutng,Tynan,Clarabut,tclarabutng@sohu.com,Male,22.46.176.2
cbartletnh,Ches,Bartlet,cbartletnh@hugedomains.com,Male,152.90.125.100
cdetocni,Chic,Detoc,cdetocni@prweb.com,Male,144.151.98.248
lcheshernj,Lelah,Chesher,lcheshernj@cnbc.com,Female,140.182.13.34
eperrennk,Eal,Perren,eperrennk@google.it,Male,123.19.55.177
gizzettnl,Gaby,Izzett,gizzettnl@google.de,Female,13.170.57.246
ogoodallnm,Otha,Goodall,ogoodallnm@spiegel.de,Female,152.240.125.174
ehillyattnn,Edvard,Hillyatt,ehillyattnn@4shared.com,Male,147.12.186.168
hstudeartno,Had,Studeart,hstudeartno@webeden.co.uk,Male,32.74.128.120
ekingzethnp,Eugenie,Kingzeth,ekingzethnp@sina.com.cn,Female,105.121.24.72
ntweedynq,Nataniel,Tweedy,ntweedynq@abc.net.au,Male,35.71.95.143
mkennerknechtnr,Marcy,Kennerknecht,mkennerknechtnr@washingtonpost.com,Female,239.170.94.80
glovartns,Goldia,Lovart,glovartns@walmart.com,Female,82.99.226.8
hdoerrnt,Herby,Doerr,hdoerrnt@dell.com,Male,10.240.81.56
atollidaynu,Ardenia,Tolliday,atollidaynu@census.gov,Female,171.216.86.125
kdukelownv,Kelbee,Dukelow,kdukelownv@mashable.com,Male,23.4.24.220
khinksnw,Korney,Hinks,khinksnw@columbia.edu,Female,82.24.208.59
cburnelnx,Clio,Burnel,cburnelnx@exblog.jp,Female,109.102.52.226
sburdgeny,Stewart,Burdge,sburdgeny@stumbleupon.com,Male,77.111.148.15
gbrownfieldnz,Gabie,Brownfield,gbrownfieldnz@flavors.me,Male,19.233.179.221
kwharino0,Konstance,Wharin,kwharino0@arizona.edu,Female,200.222.60.225
sfeasto1,Saleem,Feast,sfeasto1@guardian.co.uk,Male,191.220.203.197
svillageo2,Selby,Village,svillageo2@homestead.com,Male,209.127.60.192
aabrahamowitczo3,Alex,Abrahamowitcz,aabrahamowitczo3@walmart.com,Female,231.168.168.185
lcharlotteo4,Lenka,Charlotte,lcharlotteo4@tinyurl.com,Female,196.44.71.26
odyetto5,Otes,Dyett,odyetto5@163.com,Male,68.171.9.84
rsmithymano6,Rosalind,Smithyman,rsmithymano6@berkeley.edu,Female,42.213.61.33
iseabourneo7,Ingaborg,Seabourne,iseabourneo7@yale.edu,Female,32.158.81.160
stodaroo8,Stafford,Todaro,stodaroo8@census.gov,Male,76.132.119.0
rpuzeyo9,Randie,Puzey,rpuzeyo9@google.nl,Male,131.139.255.178
cfugereoa,Carree,Fugere,cfugereoa@chron.com,Female,207.79.221.241
jbiddlesob,Janie,Biddles,jbiddlesob@sciencedaily.com,Female,235.16.44.65
lpapezoc,Lanni,Papez,lpapezoc@eventbrite.com,Female,57.87.180.129
cscimoniod,Clyde,Scimoni,cscimoniod@go.com,Male,183.130.158.52
lwoolenoe,Lula,Woolen,lwoolenoe@smh.com.au,Female,210.234.203.38
sturvieof,Shanie,Turvie,sturvieof@ebay.com,Female,248.67.7.27
bcleyneog,Barbabas,Cleyne,bcleyneog@washington.edu,Male,209.91.129.30
dheightonoh,Datha,Heighton,dheightonoh@devhub.com,Female,243.7.37.170
lklemencicoi,Loise,Klemencic,lklemencicoi@sphinn.com,Female,174.85.213.199
vvereganoj,Vladimir,Veregan,vvereganoj@nih.gov,Male,239.251.123.225
wjeandinok,Woodman,Jeandin,wjeandinok@jalbum.net,Male,93.180.145.234
cigounetol,Cody,Igounet,cigounetol@telegraph.co.uk,Male,143.44.8.6
akehirom,Atlanta,Kehir,akehirom@github.com,Female,134.102.159.59
vjamrowiczon,Vick,Jamrowicz,vjamrowiczon@home.pl,Male,233.12.162.122
tfullerdoo,Toby,Fullerd,tfullerdoo@list-manage.com,Male,221.211.195.214
lplaunchop,Leonhard,Plaunch,lplaunchop@ftc.gov,Male,59.220.33.251
bquilliganoq,Benjamen,Quilligan,bquilliganoq@msn.com,Male,211.28.49.158
croisor,Corie,Rois,croisor@infoseek.co.jp,Female,133.26.98.150
arothertos,Alvin,Rothert,arothertos@apple.com,Male,122.104.198.216
gspadolliniot,Gusella,Spadollini,gspadolliniot@miibeian.gov.cn,Female,47.196.140.178
wdeblasiisou,Wake,De Blasiis,wdeblasiisou@wordpress.org,Male,13.191.156.204
tosheeryneov,Tallie,O'Sheeryne,tosheeryneov@nytimes.com,Female,135.164.181.200
aescoffreyow,Alysa,Escoffrey,aescoffreyow@networkadvertising.org,Female,104.174.44.215
ichellamox,Izabel,Chellam,ichellamox@shinystat.com,Female,36.41.161.133
owalwoodoy,Otho,Walwood,owalwoodoy@unicef.org,Male,82.21.230.134
fahreniusoz,Frederica,Ahrenius,fahreniusoz@ebay.co.uk,Female,248.155.220.207
jshenfishp0,Jorge,Shenfish,jshenfishp0@privacy.gov.au,Male,136.96.94.66
iniesingp1,Ian,Niesing,iniesingp1@de.vu,Male,180.82.209.111
ledserp2,Lory,Edser,ledserp2@dailymail.co.uk,Female,99.163.7.19
balenikovp3,Barb,Alenikov,balenikovp3@redcross.org,Female,228.114.211.213
sbroxtonp4,Stacey,Broxton,sbroxtonp4@photobucket.com,Female,76.56.184.160
fmenlowp5,Flora,Menlow,fmenlowp5@cargocollective.com,Female,12.64.101.197
uwheelbandp6,Udell,Wheelband,uwheelbandp6@house.gov,Male,166.120.146.0
cgoodbairnp7,Candra,Goodbairn,cgoodbairnp7@drupal.org,Female,27.41.134.138
ggreggsp8,Gerardo,Greggs,ggreggsp8@deviantart.com,Male,150.226.122.159
tgrabiecp9,Tiebout,Grabiec,tgrabiecp9@prlog.org,Male,19.157.164.238
edohrmannpa,Enrico,Dohrmann,edohrmannpa@merriam-webster.com,Male,253.212.202.249
eknoxpb,Erroll,Knox,eknoxpb@shop-pro.jp,Male,97.186.112.44
csarjantpc,Cleveland,Sarjant,csarjantpc@gnu.org,Male,191.199.211.191
lbrabhampd,Lemuel,Brabham,lbrabhampd@feedburner.com,Male,142.159.227.149
hfermoype,Hilary,Fermoy,hfermoype@google.ca,Female,204.4.34.107
vmatiashvilipf,Valentia,Matiashvili,vmatiashvilipf@bigcartel.com,Female,87.159.82.141
onellispg,Olag,Nellis,onellispg@un.org,Male,56.215.32.221
vferreoph,Verene,Ferreo,vferreoph@businesswire.com,Female,51.21.119.234
cpettiepi,Chancey,Pettie,cpettiepi@psu.edu,Male,250.170.117.133
epratorpj,Elvira,Prator,epratorpj@photobucket.com,Female,78.181.50.23
semmottpk,Shepherd,Emmott,semmottpk@noaa.gov,Male,217.58.139.58
rjefferyspl,Rani,Jefferys,rjefferyspl@berkeley.edu,Female,193.68.118.7
dmaciaszekpm,Dallas,Maciaszek,dmaciaszekpm@redcross.org,Female,71.32.140.84
gdonetpn,Guss,Donet,gdonetpn@amazon.de,Male,71.243.1.180
tcrippinpo,Tim,Crippin,tcrippinpo@printfriendly.com,Female,168.94.183.52
gglyssannepp,Geri,Glyssanne,gglyssannepp@reverbnation.com,Male,228.47.62.224
jmcknishpq,Jackie,McKnish,jmcknishpq@utexas.edu,Male,218.57.233.225
kbrutepr,Kellen,Brute,kbrutepr@cmu.edu,Male,48.76.23.148
crowlinsonps,Carly,Rowlinson,crowlinsonps@vimeo.com,Male,31.69.24.42
wscheupt,Wallas,Scheu,wscheupt@vinaora.com,Male,81.235.28.113
pofiellypu,Persis,O'Fielly,pofiellypu@1und1.de,Female,171.61.83.2
pbatchelorpv,Patton,Batchelor,pbatchelorpv@blogger.com,Male,162.150.235.208
smahodypw,Seamus,Mahody,smahodypw@addthis.com,Male,162.246.71.140
lalldenpx,Lyle,Allden,lalldenpx@ebay.com,Male,169.243.106.63
rkellenpy,Riane,Kellen,rkellenpy@gnu.org,Female,181.164.46.10
wbonickpz,Wilburt,Bonick,wbonickpz@51.la,Male,130.218.89.99
cbiddwellq0,Clevie,Biddwell,cbiddwellq0@merriam-webster.com,Male,87.219.81.28
smackelworthq1,Stanislaus,Mackelworth,smackelworthq1@telegraph.co.uk,Male,173.156.18.41
eknuttonq2,Elwin,Knutton,eknuttonq2@cdc.gov,Male,68.23.52.91
rbromageq3,Renae,Bromage,rbromageq3@engadget.com,Female,45.0.134.221
gashwinq4,Gerri,Ashwin,gashwinq4@51.la,Male,141.117.123.174
ccatlowq5,Clair,Catlow,ccatlowq5@sbwire.com,Female,23.2.147.179
bcridlinq6,Bryan,Cridlin,bcridlinq6@accuweather.com,Male,157.194.252.82
kredgateq7,Kiel,Redgate,kredgateq7@google.ru,Male,206.186.45.180
ctatersaleq8,Cord,Tatersale,ctatersaleq8@huffingtonpost.com,Male,174.157.133.43
agarriqueq9,Aguste,Garrique,agarriqueq9@themeforest.net,Male,65.1.123.98
mgoodinqa,Millard,Goodin,mgoodinqa@hexun.com,Male,196.177.29.211
mjennyqb,Mella,Jenny,mjennyqb@europa.eu,Female,238.218.129.148
pgillinghamqc,Pandora,Gillingham,pgillinghamqc@edublogs.org,Female,213.252.76.179
kfumagalliqd,Kean,Fumagalli,kfumagalliqd@blogger.com,Male,147.138.230.5
dcolleerqe,Darryl,Colleer,dcolleerqe@scribd.com,Male,150.52.223.188
ssummerskillqf,Skippie,Summerskill,ssummerskillqf@theglobeandmail.com,Male,9.206.144.148
agasnollqg,Addy,Gasnoll,agasnollqg@altervista.org,Female,238.140.201.116
vstyantqh,Vasilis,Styant,vstyantqh@fotki.com,Male,16.57.86.207
hmayceyqi,Hasheem,Maycey,hmayceyqi@upenn.edu,Male,209.77.201.114
lrenalsqj,Leanor,Renals,lrenalsqj@illinois.edu,Female,5.213.236.45
cblunsenqk,Clyde,Blunsen,cblunsenqk@eepurl.com,Male,183.162.89.254
lshickleql,Lori,Shickle,lshickleql@nydailynews.com,Female,24.93.73.101
wmewhaqm,Waverly,Mewha,wmewhaqm@cmu.edu,Male,229.64.113.9
skingzettqn,Spence,Kingzett,skingzettqn@comcast.net,Male,242.180.177.188
jaylingqo,Jennie,Ayling,jaylingqo@360.cn,Female,175.225.174.82
jgougeqp,Jackson,Gouge,jgougeqp@digg.com,Male,187.228.107.187
mlabanqq,Merrel,Laban,mlabanqq@huffingtonpost.com,Male,91.47.132.191
clodeqr,Cordelia,Lode,clodeqr@google.nl,Female,109.195.169.142
wcostallqs,Wayne,Costall,wcostallqs@mit.edu,Male,122.140.211.102
gpeerlessqt,Gavin,Peerless,gpeerlessqt@engadget.com,Male,65.216.247.16
kcaudlequ,Kass,Caudle,kcaudlequ@nsw.gov.au,Female,249.230.1.120
dhaffendenqv,Donavon,Haffenden,dhaffendenqv@miitbeian.gov.cn,Male,34.156.178.20
aclifforthqw,Antonio,Clifforth,aclifforthqw@constantcontact.com,Male,148.202.123.16
bsteaneqx,Bethany,Steane,bsteaneqx@mozilla.com,Female,133.35.201.235
vratnageqy,Valeda,Ratnage,vratnageqy@1und1.de,Female,126.30.167.158
awestheadqz,Aloisia,Westhead,awestheadqz@google.co.uk,Female,246.198.116.116
agoodswenr0,Antonietta,Goodswen,agoodswenr0@de.vu,Female,49.71.64.197
cmirrleesr1,Crystal,Mirrlees,cmirrleesr1@dyndns.org,Female,112.50.55.89
nchristonr2,Nappy,Christon,nchristonr2@xinhuanet.com,Male,190.119.27.228
ksherredr3,Kayne,Sherred,ksherredr3@paypal.com,Male,64.119.136.94
gcrumbier4,Gar,Crumbie,gcrumbier4@google.com,Male,25.126.101.35
aglencrosr5,Ashla,Glencros,aglencrosr5@harvard.edu,Female,222.129.145.208
tlinnemannr6,Tadio,Linnemann,tlinnemannr6@hatena.ne.jp,Male,4.217.95.142
ngriffithsr7,Nobe,Griffiths,ngriffithsr7@samsung.com,Male,2.100.151.174
rchiverstoner8,Rancell,Chiverstone,rchiverstoner8@taobao.com,Male,213.91.81.19
ffruenr9,Fred,Fruen,ffruenr9@wiley.com,Female,239.66.55.127
tgraserra,Tammy,Graser,tgraserra@squidoo.com,Female,173.49.119.40
ihebnerrb,Ignatius,Hebner,ihebnerrb@biglobe.ne.jp,Male,88.87.87.85
cionescorc,Christina,Ionesco,cionescorc@cargocollective.com,Female,101.207.184.4
ebrumrd,Essa,Brum,ebrumrd@icio.us,Female,163.162.126.233
usterndalere,Urbano,Sterndale,usterndalere@oaic.gov.au,Male,82.221.209.95
jstannionrf,Justin,Stannion,jstannionrf@plala.or.jp,Male,106.118.165.233
icollocottrg,Imogene,Collocott,icollocottrg@blogspot.com,Female,67.121.62.23
mvieyrarh,Mei,Vieyra,mvieyrarh@canalblog.com,Female,125.207.171.119
abecarisri,Asa,Becaris,abecarisri@hexun.com,Male,161.90.211.85
sbausorrj,Sharla,Bausor,sbausorrj@wisc.edu,Female,120.0.124.43
pgeistrk,Paloma,Geist,pgeistrk@shutterfly.com,Female,121.89.184.108
afelderrl,Alidia,Felder,afelderrl@harvard.edu,Female,95.144.3.50
dlourencorm,Dwayne,Lourenco,dlourencorm@cafepress.com,Male,142.37.76.235
cmorrissrn,Clarisse,Morriss,cmorrissrn@woothemes.com,Female,166.199.255.143
cpeadenro,Clim,Peaden,cpeadenro@ehow.com,Male,218.215.206.218
llondesboroughrp,Louie,Londesborough,llondesboroughrp@economist.com,Male,151.104.18.47
cmaypotherrq,Cornelius,Maypother,cmaypotherrq@gizmodo.com,Male,74.169.51.244
dabbotsonrr,Dougie,Abbotson,dabbotsonrr@gravatar.com,Male,225.179.53.46